CLIENTNUM,Attrition_Flag,Age,Gender,Dependent_count,Education,Marital_Status,Income,Card_Category,Months_on_book,Total_Relationship_Count,Months_Inactive,Contacts_Count,Credit_Limit,Total_Revolving_Bal,Avg_Open_To_Buy,Total_Amt_Chng_Q4_Q1,Total_Trans_Amt,Total_Trans_Ct,Total_Ct_Chng_Q4_Q1,Avg_Utilization_Ratio,Total_Trans_Ct_Q1,Prediction,Churn_Probability,Risk_Score,Risk_Level,Customer_Health_Score,Customer_Lifetime_Value,Top_Reason_1,Top_Reason_2,Top_Reason_3,Recommended_Action,Customer_Segment,Retention_Priority,Estimated_Loss_Risk
745367153,Existing Customer,33,F,0,Post-Graduate,Single,Rs.1L - Rs.5L,Blue,15,5,20,15,6000,1000,1500,0.2,1200,8,0.2,0.05,15,Churn,0.5803,69.02,Medium,30.980000000000004,1800.0,Low activity,Low transactions,Customer disengagement,Run retention campaign,At-Risk Customer,Medium,696.36
791918172,Existing Customer,47,M,1,Graduate,Married,Rs.20L+,Gold,48,4,10,0,262659,12301,250358,1.801,142664,93,1.702,0.546,37,Not Churn,0.0852,24.26,Low,75.74,213996.0,Low activity,Low transactions,Customer disengagement,Run retention campaign,At-Risk Customer,Low,12154.97
786905927,Existing Customer,49,F,1,Post-Graduate,Married,Rs.20L+,Blue,45,5,10,0,72543,19986,52557,2.139,159516,71,0.898,0.56,96,Not Churn,0.1443,27.21,Low,72.78999999999999,239274.0,Low activity,Low transactions,Customer disengagement,Run retention campaign,At-Risk Customer,Low,23018.16
703197583,Existing Customer,31,M,2,Post-Graduate,Married,Rs.3L - Rs.5L,Blue,40,1,10,0,158834,47887,110947,1.373,118744,84,1.213,0.548,65,Not Churn,0.082,24.1,Low,75.9,178116.0,Low activity,Low transactions,Customer disengagement,Run retention campaign,At-Risk Customer,Low,9737.01
708469015,Existing Customer,28,F,0,Graduate,Single,Rs.3L - Rs.5L,Platinum,27,4,10,2,425497,155301,270196,1.359,72018,53,1.13,0.312,79,Not Churn,0.2262,31.31,Low,68.69,108027.0,Low activity,Low transactions,Customer disengagement,Run retention campaign,At-Risk Customer,Low,16290.47
748357662,Existing Customer,42,F,4,Graduate,Single,Rs.20L+,Gold,21,1,2,2,294777,30810,263967,1.102,48064,37,0.551,0.464,56,Not Churn,0.4197,40.98,Medium,59.02,72096.0,Low activity,Low transactions,Customer disengagement,Run retention campaign,At-Risk Customer,Medium,20172.46
797674613,Existing Customer,54,F,3,High School,Married,Rs.10L - Rs.20L,Gold,23,2,2,3,362909,180730,182179,1.54,49118,23,1.656,0.424,96,Not Churn,0.2492,32.46,Low,67.53999999999999,73677.0,Low activity,Low transactions,Customer disengagement,Run retention campaign,At-Risk Customer,Low,12240.21
725101567,Existing Customer,55,F,1,High School,Single,Rs.5L - Rs.10L,Gold,25,2,0,1,466392,155349,311043,0.818,177707,97,0.601,0.791,19,Not Churn,0.0689,3.45,Low,96.55,266560.5,Low activity,Low transactions,Customer disengagement,Run retention campaign,At-Risk Customer,Low,12244.01
784107124,Existing Customer,35,M,1,Post-Graduate,Married,Rs.10L - Rs.20L,Gold,50,4,3,3,133124,6302,126822,0.921,57641,59,1.536,0.275,38,Not Churn,0.3639,28.2,Low,71.8,86461.5,Low activity,Low transactions,Customer disengagement,Run retention campaign,At-Risk Customer,Low,20975.56
708065374,Existing Customer,47,M,0,High School,Single,Rs.10L - Rs.20L,Blue,56,2,1,0,424952,12334,412618,1.623,87088,80,2.255,0.724,11,Not Churn,0.0852,4.26,Low,95.74,130632.0,Low activity,Low transactions,Customer disengagement,Run retention campaign,At-Risk Customer,Low,7419.9
729972973,Existing Customer,29,M,2,High School,Single,Rs.3L - Rs.5L,Blue,38,5,3,3,486018,129024,356994,0.754,38904,27,1.242,0.256,49,Not Churn,0.318,35.9,Low,64.1,58356.0,Low activity,Low transactions,Customer disengagement,Run retention campaign,At-Risk Customer,Low,12371.47
750778544,Existing Customer,38,M,3,Graduate,Married,Rs.5L - Rs.10L,Gold,17,3,3,2,240826,35663,205163,1.466,22609,59,1.594,0.423,24,Not Churn,0.3213,26.06,Low,73.94,33913.5,Low activity,Low transactions,Customer disengagement,Run retention campaign,At-Risk Customer,Low,7264.27
779731320,Existing Customer,60,M,3,High School,Single,Rs.10L - Rs.20L,Gold,29,3,1,0,317158,51987,265171,0.733,165904,100,1.177,0.408,73,Not Churn,0.0262,1.31,Low,98.69,248856.0,Low activity,Low transactions,Customer disengagement,Run retention campaign,At-Risk Customer,Low,4346.68
709637600,Attrited Customer,63,F,3,Graduate,Married,Rs.5L - Rs.10L,Blue,12,1,4,4,246547,47350,199197,1.346,29168,15,1.091,0.049,80,Not Churn,0.3705,58.52,Medium,41.48,43752.0,Low activity,Low transactions,Customer disengagement,Run retention campaign,At-Risk Customer,Medium,10806.74
788944256,Attrited Customer,32,F,2,High School,Single,Rs.3L - Rs.5L,Platinum,46,3,5,5,219671,46428,173243,0.598,10055,11,0.869,0.106,74,Not Churn,0.4623,63.11,Medium,36.89,15082.5,Low activity,Low transactions,Customer disengagement,Run retention campaign,At-Risk Customer,Medium,4648.43
738088230,Attrited Customer,52,F,0,High School,Single,Rs.5L - Rs.10L,Blue,38,2,4,5,167945,79832,88113,2.474,5889,10,1.232,0.164,95,Not Churn,0.4164,60.82,Medium,39.18,8833.5,Low activity,Low transactions,Customer disengagement,Run retention campaign,At-Risk Customer,Medium,2452.18
740616163,Existing Customer,55,M,4,High School,Married,Rs.10L - Rs.20L,Gold,45,3,2,2,165868,37839,128029,1.236,56172,53,2.106,0.263,60,Not Churn,0.282,24.1,Low,75.9,84258.0,Low activity,Low transactions,Customer disengagement,Run retention campaign,At-Risk Customer,Low,15840.5
757566159,Existing Customer,41,M,1,Post-Graduate,Single,Rs.10L - Rs.20L,Gold,17,1,3,2,211633,12874,198759,0.593,70385,51,2.405,0.38,97,Not Churn,0.3311,26.55,Low,73.45,105577.5,Low activity,Low transactions,Customer disengagement,Run retention campaign,At-Risk Customer,Low,23304.47
786802592,Existing Customer,32,F,4,Post-Graduate,Single,Rs.20L+,Blue,59,4,1,0,82794,21962,60832,1.923,92114,92,1.153,0.699,89,Not Churn,0.0689,3.45,Low,96.55,138171.0,Low activity,Low transactions,Customer disengagement,Run retention campaign,At-Risk Customer,Low,6346.65
711231772,Existing Customer,35,F,3,High School,Married,Rs.10L - Rs.20L,Gold,46,4,3,1,207777,61414,146363,1.157,56878,41,0.637,0.372,10,Not Churn,0.318,35.9,Low,64.1,85317.0,Low activity,Low transactions,Customer disengagement,Run retention campaign,At-Risk Customer,Low,18087.2
786415994,Existing Customer,46,M,3,Graduate,Married,Rs.10L - Rs.20L,Blue,35,3,0,1,66784,32615,34169,0.583,82354,63,2.427,0.744,56,Not Churn,0.1377,6.88,Low,93.12,123531.0,Low activity,Low transactions,Customer disengagement,Run retention campaign,At-Risk Customer,Low,11340.15
787733707,Existing Customer,33,M,0,Post-Graduate,Single,Rs.10L - Rs.20L,Blue,38,2,1,0,239928,47240,192688,1.797,194290,112,2.241,0.573,69,Not Churn,0.0492,2.46,Low,97.54,291435.0,Low activity,Low transactions,Customer disengagement,Run retention campaign,At-Risk Customer,Low,9559.07
776585067,Existing Customer,62,F,2,Graduate,Single,Rs.3L - Rs.5L,Gold,30,1,3,1,268223,106566,161657,1.028,68317,45,1.052,0.248,56,Not Churn,0.3344,36.72,Low,63.28,102475.5,Low activity,Low transactions,Customer disengagement,Run retention campaign,At-Risk Customer,Low,22845.2
792626541,Existing Customer,34,M,2,High School,Married,Rs.5L - Rs.10L,Blue,47,4,0,1,123856,4518,119338,0.806,189572,98,1.188,0.715,76,Not Churn,0.0656,3.28,Low,96.72,284358.0,Low activity,Low transactions,Customer disengagement,Run retention campaign,At-Risk Customer,Low,12435.92
758897751,Attrited Customer,52,M,3,Graduate,Single,Rs.3L - Rs.5L,Platinum,39,1,6,4,80876,8070,72806,0.824,25357,12,0.628,0.157,73,Not Churn,0.4754,63.77,Medium,36.23,38035.5,Low activity,Low transactions,Customer disengagement,Run retention campaign,At-Risk Customer,Medium,12054.72
716739498,Existing Customer,46,F,2,Post-Graduate,Married,Rs.20L+,Blue,35,1,0,1,312059,149040,163019,2.329,81473,83,1.874,0.83,17,Not Churn,0.0689,3.45,Low,96.55,122209.5,Low activity,Low transactions,Customer disengagement,Run retention campaign,At-Risk Customer,Low,5613.49
711392455,Existing Customer,58,M,3,High School,Single,Rs.10L - Rs.20L,Blue,29,1,2,2,159380,527,158853,0.973,45967,52,2.046,0.393,51,Not Churn,0.3475,27.38,Low,72.62,68950.5,Low activity,Low transactions,Customer disengagement,Run retention campaign,At-Risk Customer,Low,15973.53
708686613,Existing Customer,44,F,3,Post-Graduate,Married,Rs.5L - Rs.10L,Platinum,21,2,2,2,138600,17864,120736,1.36,45786,32,2.178,0.357,90,Not Churn,0.259,32.95,Low,67.05,68679.0,Low activity,Low transactions,Customer disengagement,Run retention campaign,At-Risk Customer,Low,11858.57
717833222,Existing Customer,55,F,0,High School,Married,Rs.10L - Rs.20L,Blue,45,3,2,1,74084,33234,40850,1.097,64430,25,1.341,0.228,52,Not Churn,0.2,30.0,Low,70.0,96645.0,Low activity,Low transactions,Customer disengagement,Run retention campaign,At-Risk Customer,Low,12886.0
772154253,Existing Customer,58,F,2,Post-Graduate,Single,Rs.10L - Rs.20L,Platinum,50,1,0,1,436817,193225,243592,2.049,177894,62,1.553,0.544,65,Not Churn,0.2098,10.49,Low,89.51,266841.0,Low activity,Low transactions,Customer disengagement,Run retention campaign,At-Risk Customer,Low,37322.16
757043687,Existing Customer,27,M,1,Graduate,Single,Rs.20L+,Blue,26,4,2,3,114254,48092,66162,1.075,56168,46,2.107,0.349,69,Not Churn,0.282,34.1,Low,65.9,84252.0,Low activity,Low transactions,Customer disengagement,Run retention campaign,At-Risk Customer,Low,15839.38
786218420,Existing Customer,32,M,2,Post-Graduate,Single,Rs.3L - Rs.5L,Platinum,19,1,3,3,415122,190137,224985,2.176,29070,57,1.924,0.491,78,Not Churn,0.3115,25.57,Low,74.43,43605.0,Low activity,Low transactions,Customer disengagement,Run retention campaign,At-Risk Customer,Low,9055.31
714624754,Existing Customer,57,F,2,Graduate,Married,Rs.20L+,Gold,53,4,3,2,136600,67879,68721,0.635,62976,56,1.922,0.227,22,Not Churn,0.2885,24.42,Low,75.58,94464.0,Low activity,Low transactions,Customer disengagement,Run retention campaign,At-Risk Customer,Low,18168.58
733364051,Existing Customer,44,F,3,High School,Married,Rs.5L - Rs.10L,Gold,47,4,0,1,356574,132389,224185,1.734,186750,93,2.423,0.825,30,Not Churn,0.0721,3.6,Low,96.4,280125.0,Low activity,Low transactions,Customer disengagement,Run retention campaign,At-Risk Customer,Low,13464.67
712870334,Existing Customer,67,M,2,High School,Married,Rs.10L - Rs.20L,Blue,21,5,3,1,346394,13199,333195,2.183,62815,52,2.189,0.399,92,Not Churn,0.1967,19.84,Low,80.16,94222.5,Low activity,Low transactions,Customer disengagement,Run retention campaign,At-Risk Customer,Low,12355.71
722146342,Attrited Customer,27,F,4,Post-Graduate,Single,Rs.5L - Rs.10L,Blue,48,3,4,4,334208,487,333721,0.61,21433,19,1.664,0.126,75,Not Churn,0.3869,59.34,Medium,40.66,32149.5,Low activity,Low transactions,Customer disengagement,Run retention campaign,At-Risk Customer,Medium,8292.43
767676174,Attrited Customer,68,M,0,High School,Married,Rs.3L - Rs.5L,Gold,40,5,5,3,232314,43636,188678,0.972,12636,6,1.036,0.047,92,Not Churn,0.3869,59.34,Medium,40.66,18954.0,Low activity,Low transactions,Customer disengagement,Run retention campaign,At-Risk Customer,Medium,4888.87
729901092,Existing Customer,31,F,1,High School,Married,Rs.10L - Rs.20L,Platinum,57,2,3,2,274952,47401,227551,2.208,38444,49,1.108,0.376,73,Not Churn,0.2557,32.78,Low,67.22,57666.0,Low activity,Low transactions,Customer disengagement,Run retention campaign,At-Risk Customer,Low,9830.13
703631731,Existing Customer,25,F,3,Post-Graduate,Married,Rs.20L+,Gold,19,1,2,1,353260,127663,225597,2.009,26601,56,1.374,0.321,46,Not Churn,0.2656,23.28,Low,76.72,39901.5,Low activity,Low transactions,Customer disengagement,Run retention campaign,At-Risk Customer,Low,7065.23
729859472,Existing Customer,37,M,4,Post-Graduate,Married,Rs.10L - Rs.20L,Blue,31,5,2,3,129045,29077,99968,0.78,30886,43,1.092,0.241,27,Not Churn,0.3311,36.55,Low,63.45,46329.0,Low activity,Low transactions,Customer disengagement,Run retention campaign,At-Risk Customer,Low,10226.35
779167451,Attrited Customer,67,M,1,Graduate,Single,Rs.20L+,Platinum,43,2,5,4,221203,65322,155881,2.423,8056,16,1.595,0.079,95,Not Churn,0.4754,63.77,Medium,36.23,12084.0,Low activity,Low transactions,Customer disengagement,Run retention campaign,At-Risk Customer,Medium,3829.82
763030658,Attrited Customer,44,F,0,High School,Married,Rs.10L - Rs.20L,Blue,43,2,6,3,277521,66622,210899,1.862,23742,23,0.878,0.074,98,Not Churn,0.3148,45.74,Medium,54.26,35613.0,Low activity,Low transactions,Customer disengagement,Run retention campaign,At-Risk Customer,Medium,7473.98
751861914,Attrited Customer,52,F,3,Graduate,Married,Rs.10L - Rs.20L,Blue,35,2,6,5,224329,6397,217932,2.007,27921,9,2.279,0.069,79,Not Churn,0.2754,53.77,Medium,46.23,41881.5,Low activity,Low transactions,Customer disengagement,Run retention campaign,At-Risk Customer,Medium,7689.44
767331737,Attrited Customer,68,F,3,Graduate,Married,Rs.10L - Rs.20L,Platinum,44,5,5,5,382697,96540,286157,1.107,14892,17,1.13,0.056,20,Not Churn,0.3279,56.39,Medium,43.61,22338.0,Low activity,Low transactions,Customer disengagement,Run retention campaign,At-Risk Customer,Medium,4883.09
757189368,Attrited Customer,66,F,1,Graduate,Married,Rs.3L - Rs.5L,Blue,51,2,5,5,418751,53757,364994,1.145,12956,11,0.714,0.148,14,Not Churn,0.4557,62.78,Medium,37.22,19434.0,Low activity,Low transactions,Customer disengagement,Run retention campaign,At-Risk Customer,Medium,5904.05
758639880,Attrited Customer,36,M,1,Graduate,Married,Rs.5L - Rs.10L,Gold,56,4,5,3,278955,96088,182867,2.127,6816,23,1.218,0.055,48,Not Churn,0.2852,44.26,Medium,55.74,10224.0,Low activity,Low transactions,Customer disengagement,Run retention campaign,At-Risk Customer,Medium,1943.92
760432379,Existing Customer,33,F,0,High School,Single,Rs.10L - Rs.20L,Gold,35,3,0,0,359936,133496,226440,1.68,99561,114,1.908,0.409,10,Not Churn,0.059,2.95,Low,97.05,149341.5,Low activity,Low transactions,Customer disengagement,Run retention campaign,At-Risk Customer,Low,5874.1
769545669,Existing Customer,37,M,2,High School,Single,Rs.3L - Rs.5L,Platinum,53,5,3,1,234272,47642,186630,1.233,64062,56,1.68,0.239,42,Not Churn,0.2787,23.94,Low,76.06,96093.0,Low activity,Low transactions,Customer disengagement,Run retention campaign,At-Risk Customer,Low,17854.08
724122383,Existing Customer,66,F,3,Graduate,Single,Rs.5L - Rs.10L,Gold,36,5,0,0,348091,173913,174178,1.682,114287,105,0.911,0.692,34,Not Churn,0.082,4.1,Low,95.9,171430.5,Low activity,Low transactions,Customer disengagement,Run retention campaign,At-Risk Customer,Low,9371.53
736470042,Attrited Customer,45,M,4,Post-Graduate,Married,Rs.20L+,Blue,56,2,4,3,426884,94914,331970,1.446,7721,24,0.941,0.049,28,Not Churn,0.4393,51.97,Medium,48.03,11581.5,Low activity,Low transactions,Customer disengagement,Run retention campaign,At-Risk Customer,Medium,3391.84
703313632,Existing Customer,51,M,4,High School,Married,Rs.10L - Rs.20L,Blue,12,3,1,1,377301,29226,348075,0.55,85997,78,2.106,0.419,21,Not Churn,0.0918,4.59,Low,95.41,128995.5,Low activity,Low transactions,Customer disengagement,Run retention campaign,At-Risk Customer,Low,7894.52
746603008,Existing Customer,55,F,2,High School,Married,Rs.5L - Rs.10L,Blue,13,1,0,1,66210,28752,37458,1.618,154207,118,1.734,0.518,15,Not Churn,0.0361,1.8,Low,98.2,231310.5,Low activity,Low transactions,Customer disengagement,Run retention campaign,At-Risk Customer,Low,5566.87
795784722,Existing Customer,63,F,1,Graduate,Single,Rs.10L - Rs.20L,Gold,32,4,3,1,161997,43341,118656,1.892,28706,40,1.053,0.276,29,Not Churn,0.2197,30.98,Low,69.02,43059.0,Low activity,Low transactions,Customer disengagement,Run retention campaign,At-Risk Customer,Low,6306.71
722280048,Existing Customer,28,M,1,Graduate,Single,Rs.3L - Rs.5L,Gold,46,2,0,0,278452,83951,194501,1.708,147682,109,0.689,0.637,94,Not Churn,0.0951,4.75,Low,95.25,221523.0,Low activity,Low transactions,Customer disengagement,Run retention campaign,At-Risk Customer,Low,14044.56
761075656,Attrited Customer,44,M,3,High School,Single,Rs.3L - Rs.5L,Gold,46,5,4,5,117776,9086,108690,1.874,22872,20,1.726,0.079,32,Not Churn,0.282,44.1,Medium,55.9,34308.0,Low activity,Low transactions,Customer disengagement,Run retention campaign,At-Risk Customer,Medium,6449.9
783286335,Existing Customer,49,M,4,High School,Single,Rs.3L - Rs.5L,Platinum,52,4,3,2,261114,127076,134038,2.115,47995,49,2.039,0.4,67,Not Churn,0.2393,31.96,Low,68.03999999999999,71992.5,Low activity,Low transactions,Customer disengagement,Run retention campaign,At-Risk Customer,Low,11485.2
748419837,Existing Customer,60,M,0,High School,Married,Rs.20L+,Blue,46,4,0,1,250326,112238,138088,1.836,90291,72,1.023,0.77,67,Not Churn,0.1344,6.72,Low,93.28,135436.5,Low activity,Low transactions,Customer disengagement,Run retention campaign,At-Risk Customer,Low,12135.11
739590788,Existing Customer,50,M,1,Graduate,Single,Rs.20L+,Platinum,48,5,2,3,480798,76941,403857,0.543,41095,32,0.53,0.266,48,Not Churn,0.3213,36.06,Low,63.94,61642.5,Low activity,Low transactions,Customer disengagement,Run retention campaign,At-Risk Customer,Low,13203.82
738120838,Existing Customer,57,F,2,Post-Graduate,Married,Rs.10L - Rs.20L,Platinum,20,5,3,3,308969,37575,271394,1.124,76501,57,2.395,0.414,45,Not Churn,0.2885,24.42,Low,75.58,114751.5,Low activity,Low transactions,Customer disengagement,Run retention campaign,At-Risk Customer,Low,22070.54
777971275,Existing Customer,65,F,3,High School,Married,Rs.20L+,Gold,15,1,1,1,499758,123954,375804,0.878,93461,78,1.373,0.449,58,Not Churn,0.1049,5.24,Low,94.76,140191.5,Low activity,Low transactions,Customer disengagement,Run retention campaign,At-Risk Customer,Low,9804.06
724856823,Existing Customer,61,F,3,Post-Graduate,Married,Rs.3L - Rs.5L,Platinum,16,5,1,0,398038,31387,366651,2.416,186414,60,1.005,0.848,93,Not Churn,0.1279,6.4,Low,93.6,279621.0,Low activity,Low transactions,Customer disengagement,Run retention campaign,At-Risk Customer,Low,23842.35
786465083,Attrited Customer,52,F,3,Graduate,Single,Rs.3L - Rs.5L,Platinum,56,3,4,5,409932,145731,264201,2.132,23936,10,2.394,0.192,40,Not Churn,0.2984,54.92,Medium,45.08,35904.0,Low activity,Low transactions,Customer disengagement,Run retention campaign,At-Risk Customer,Medium,7142.5
793786692,Attrited Customer,43,M,4,High School,Married,Rs.3L - Rs.5L,Gold,36,2,5,3,229607,18905,210702,1.108,28827,8,0.63,0.078,94,Not Churn,0.3705,58.52,Medium,41.48,43240.5,Low activity,Low transactions,Customer disengagement,Run retention campaign,At-Risk Customer,Medium,10680.4
769814383,Attrited Customer,31,M,1,High School,Single,Rs.20L+,Gold,47,3,4,3,374028,115774,258254,0.63,20029,24,0.98,0.193,28,Not Churn,0.3443,47.22,Medium,52.78,30043.5,Low activity,Low transactions,Customer disengagement,Run retention campaign,At-Risk Customer,Medium,6895.98
753617181,Attrited Customer,63,F,2,Post-Graduate,Married,Rs.20L+,Blue,53,4,5,5,109769,53128,56641,1.462,16040,22,2.447,0.139,20,Not Churn,0.2426,42.13,Medium,57.87,24060.0,Low activity,Low transactions,Customer disengagement,Run retention campaign,At-Risk Customer,Medium,3891.3
759314338,Attrited Customer,52,M,0,Graduate,Married,Rs.3L - Rs.5L,Gold,29,3,4,5,498452,154316,344136,1.531,12221,13,0.92,0.118,92,Not Churn,0.3836,59.18,Medium,40.82,18331.5,Low activity,Low transactions,Customer disengagement,Run retention campaign,At-Risk Customer,Medium,4687.98
769350111,Attrited Customer,57,F,1,Graduate,Married,Rs.5L - Rs.10L,Platinum,35,2,5,3,232381,34554,197827,0.992,14803,6,2.485,0.164,11,Not Churn,0.3148,55.74,Medium,44.26,22204.5,Low activity,Low transactions,Customer disengagement,Run retention campaign,At-Risk Customer,Medium,4659.98
755070548,Existing Customer,59,M,2,High School,Married,Rs.10L - Rs.20L,Platinum,22,5,3,2,129885,20607,109278,1.226,63015,50,0.928,0.204,55,Not Churn,0.3148,25.74,Low,74.26,94522.5,Low activity,Low transactions,Customer disengagement,Run retention campaign,At-Risk Customer,Low,19837.12
745701889,Existing Customer,55,F,1,High School,Married,Rs.3L - Rs.5L,Blue,50,5,2,2,247518,71066,176452,1.325,37298,42,1.362,0.286,80,Not Churn,0.2,30.0,Low,70.0,55947.0,Low activity,Low transactions,Customer disengagement,Run retention campaign,At-Risk Customer,Low,7459.6
783747410,Attrited Customer,40,M,1,Post-Graduate,Single,Rs.20L+,Blue,16,5,4,5,212254,17124,195130,2.16,12763,11,1.817,0.02,56,Not Churn,0.3279,56.39,Medium,43.61,19144.5,Low activity,Low transactions,Customer disengagement,Run retention campaign,At-Risk Customer,Medium,4184.99
706823927,Existing Customer,51,M,0,Graduate,Married,Rs.5L - Rs.10L,Blue,37,5,1,1,324712,95937,228775,2.201,91236,68,1.364,0.51,74,Not Churn,0.1541,7.7,Low,92.3,136854.0,Low activity,Low transactions,Customer disengagement,Run retention campaign,At-Risk Customer,Low,14059.47
717620884,Existing Customer,58,M,3,Post-Graduate,Married,Rs.10L - Rs.20L,Blue,27,5,1,1,160307,27701,132606,1.191,174509,89,0.899,0.698,11,Not Churn,0.0951,4.75,Low,95.25,261763.5,Low activity,Low transactions,Customer disengagement,Run retention campaign,At-Risk Customer,Low,16595.81
755277250,Existing Customer,26,M,1,High School,Single,Rs.5L - Rs.10L,Blue,31,1,1,0,203725,32067,171658,0.616,129502,67,1.893,0.894,64,Not Churn,0.1377,6.88,Low,93.12,194253.0,Low activity,Low transactions,Customer disengagement,Run retention campaign,At-Risk Customer,Low,17832.43
773316689,Existing Customer,42,F,2,High School,Single,Rs.3L - Rs.5L,Blue,21,4,1,1,229139,80307,148832,1.225,172927,67,1.283,0.679,49,Not Churn,0.1246,6.23,Low,93.77,259390.5,Low activity,Low transactions,Customer disengagement,Run retention campaign,At-Risk Customer,Low,21546.7
733787370,Existing Customer,29,F,3,High School,Married,Rs.5L - Rs.10L,Blue,16,5,2,3,356454,162168,194286,0.778,61091,54,2.184,0.233,47,Not Churn,0.2131,20.66,Low,79.34,91636.5,Low activity,Low transactions,Customer disengagement,Run retention campaign,At-Risk Customer,Low,13018.49
777738340,Existing Customer,39,M,2,High School,Single,Rs.3L - Rs.5L,Platinum,40,1,3,2,434911,81222,353689,2.431,44164,35,1.962,0.482,76,Not Churn,0.3574,37.87,Low,62.13,66246.0,Low activity,Low transactions,Customer disengagement,Run retention campaign,At-Risk Customer,Low,15784.21
718940344,Attrited Customer,36,M,2,Graduate,Married,Rs.20L+,Platinum,50,2,6,4,143937,13051,130886,1.355,5062,17,1.698,0.117,69,Not Churn,0.3672,58.36,Medium,41.64,7593.0,Low activity,Low transactions,Customer disengagement,Run retention campaign,At-Risk Customer,Medium,1858.77
798839096,Attrited Customer,36,F,1,Post-Graduate,Single,Rs.5L - Rs.10L,Blue,54,3,4,3,482688,68801,413887,2.271,13001,13,2.379,0.158,57,Not Churn,0.2984,54.92,Medium,45.08,19501.5,Low activity,Low transactions,Customer disengagement,Run retention campaign,At-Risk Customer,Medium,3879.5
751633281,Existing Customer,61,M,0,High School,Single,Rs.3L - Rs.5L,Gold,46,1,0,1,376372,106065,270307,1.286,196510,60,1.041,0.833,45,Not Churn,0.2033,10.17,Low,89.83,294765.0,Low activity,Low transactions,Customer disengagement,Run retention campaign,At-Risk Customer,Low,39950.48
785677858,Existing Customer,62,F,4,High School,Married,Rs.3L - Rs.5L,Platinum,55,4,0,0,376834,160484,216350,2.038,188032,102,1.16,0.586,17,Not Churn,0.0754,3.77,Low,96.23,282048.0,Low activity,Low transactions,Customer disengagement,Run retention campaign,At-Risk Customer,Low,14177.61
722562877,Existing Customer,31,M,0,Post-Graduate,Married,Rs.20L+,Gold,27,2,0,1,208557,42197,166360,1.04,106936,75,0.89,0.578,43,Not Churn,0.1738,8.69,Low,91.31,160404.0,Low activity,Low transactions,Customer disengagement,Run retention campaign,At-Risk Customer,Low,18585.48
799818444,Existing Customer,44,M,3,Graduate,Married,Rs.5L - Rs.10L,Blue,31,2,1,0,323814,24945,298869,2.056,116148,95,1.781,0.503,36,Not Churn,0.0459,2.3,Low,97.7,174222.0,Low activity,Low transactions,Customer disengagement,Run retention campaign,At-Risk Customer,Low,5331.19
701637821,Existing Customer,36,F,2,High School,Married,Rs.20L+,Blue,57,1,2,3,432389,179670,252719,2.254,29560,27,2.114,0.241,13,Not Churn,0.2918,34.59,Low,65.41,44340.0,Low activity,Low transactions,Customer disengagement,Run retention campaign,At-Risk Customer,Low,8625.61
721345387,Existing Customer,59,M,2,Post-Graduate,Single,Rs.3L - Rs.5L,Gold,17,5,2,2,396298,153976,242322,1.758,22134,21,0.91,0.331,19,Not Churn,0.2426,32.13,Low,67.87,33201.0,Low activity,Low transactions,Customer disengagement,Run retention campaign,At-Risk Customer,Low,5369.71
739885730,Existing Customer,44,F,3,Post-Graduate,Married,Rs.10L - Rs.20L,Platinum,27,2,1,1,287968,55356,232612,1.228,93314,72,2.322,0.731,70,Not Churn,0.1311,6.55,Low,93.45,139971.0,Low activity,Low transactions,Customer disengagement,Run retention campaign,At-Risk Customer,Low,12233.47
793955453,Attrited Customer,67,M,2,Post-Graduate,Married,Rs.5L - Rs.10L,Gold,46,1,4,5,493034,135002,358032,2.061,16218,22,2.32,0.065,78,Not Churn,0.3082,45.41,Medium,54.59,24327.0,Low activity,Low transactions,Customer disengagement,Run retention campaign,At-Risk Customer,Medium,4998.39
744337018,Existing Customer,35,M,0,Post-Graduate,Single,Rs.10L - Rs.20L,Blue,27,1,1,1,265102,131816,133286,1.952,194637,70,0.532,0.474,86,Not Churn,0.1934,9.67,Low,90.33,291955.5,Low activity,Low transactions,Customer disengagement,Run retention campaign,At-Risk Customer,Low,37642.8
702587161,Existing Customer,43,F,0,High School,Single,Rs.20L+,Blue,57,1,3,3,56482,6662,49820,0.906,33848,53,2.355,0.258,28,Not Churn,0.3902,29.51,Low,70.49,50772.0,Low activity,Low transactions,Customer disengagement,Run retention campaign,At-Risk Customer,Low,13207.49
760974038,Existing Customer,63,F,2,High School,Single,Rs.20L+,Blue,47,5,3,2,440047,145211,294836,2.333,61969,29,0.907,0.37,12,Not Churn,0.2525,32.62,Low,67.38,92953.5,Low activity,Low transactions,Customer disengagement,Run retention campaign,At-Risk Customer,Low,15647.17
773036743,Existing Customer,27,F,3,High School,Married,Rs.20L+,Platinum,30,1,0,0,285479,43878,241601,0.777,143482,99,0.531,0.797,18,Not Churn,0.0787,3.94,Low,96.06,215223.0,Low activity,Low transactions,Customer disengagement,Run retention campaign,At-Risk Customer,Low,11292.03
721031746,Existing Customer,65,F,1,Graduate,Married,Rs.10L - Rs.20L,Platinum,46,5,2,3,448882,683,448199,2.27,74060,20,2.44,0.229,67,Not Churn,0.282,34.1,Low,65.9,111090.0,Low activity,Low transactions,Customer disengagement,Run retention campaign,At-Risk Customer,Low,20884.92
755987447,Existing Customer,56,F,3,Graduate,Single,Rs.10L - Rs.20L,Blue,49,2,0,0,397792,109785,288007,1.048,119815,70,1.522,0.565,97,Not Churn,0.1541,7.7,Low,92.3,179722.5,Low activity,Low transactions,Customer disengagement,Run retention campaign,At-Risk Customer,Low,18463.49
732609161,Existing Customer,42,F,2,High School,Single,Rs.3L - Rs.5L,Blue,17,2,2,1,196045,4813,191232,1.182,54637,41,2.245,0.286,87,Not Churn,0.2787,33.94,Low,66.06,81955.5,Low activity,Low transactions,Customer disengagement,Run retention campaign,At-Risk Customer,Low,15227.33
706244556,Attrited Customer,47,M,4,Post-Graduate,Married,Rs.10L - Rs.20L,Blue,47,2,5,4,222845,35939,186906,0.882,6737,22,1.345,0.158,19,Not Churn,0.4754,53.77,Medium,46.23,10105.5,Low activity,Low transactions,Customer disengagement,Run retention campaign,At-Risk Customer,Medium,3202.77
756201198,Attrited Customer,28,F,0,High School,Single,Rs.5L - Rs.10L,Platinum,46,3,6,5,389449,168964,220485,2.472,15360,18,1.099,0.02,30,Not Churn,0.3148,55.74,Medium,44.26,23040.0,Low activity,Low transactions,Customer disengagement,Run retention campaign,At-Risk Customer,Medium,4835.33
733740282,Attrited Customer,67,M,2,High School,Single,Rs.5L - Rs.10L,Blue,54,2,5,3,370732,109127,261605,2.074,15001,12,1.786,0.059,99,Not Churn,0.3049,55.25,Medium,44.75,22501.5,Low activity,Low transactions,Customer disengagement,Run retention campaign,At-Risk Customer,Medium,4573.8
770386414,Existing Customer,49,F,1,Graduate,Single,Rs.10L - Rs.20L,Gold,25,4,2,3,493802,145848,347954,1.002,35619,32,2.26,0.451,82,Not Churn,0.2754,33.77,Low,66.22999999999999,53428.5,Low activity,Low transactions,Customer disengagement,Run retention campaign,At-Risk Customer,Low,9809.47
743926995,Attrited Customer,35,M,1,High School,Single,Rs.10L - Rs.20L,Platinum,47,5,6,4,355600,101231,254369,2.193,28282,24,2.446,0.084,21,Not Churn,0.2721,43.61,Medium,56.39,42423.0,Low activity,Low transactions,Customer disengagement,Run retention campaign,At-Risk Customer,Medium,7695.53
743548943,Attrited Customer,45,M,2,High School,Single,Rs.5L - Rs.10L,Blue,52,5,6,3,404922,83800,321122,1.527,15250,23,2.039,0.038,57,Not Churn,0.2557,42.78,Medium,57.22,22875.0,Low activity,Low transactions,Customer disengagement,Run retention campaign,At-Risk Customer,Medium,3899.42
769626487,Attrited Customer,36,F,4,Graduate,Single,Rs.20L+,Blue,49,1,6,3,309325,143214,166111,2.089,28738,12,0.718,0.031,23,Not Churn,0.377,58.85,Medium,41.15,43107.0,Low activity,Low transactions,Customer disengagement,Run retention campaign,At-Risk Customer,Medium,10834.23
725952858,Existing Customer,41,M,3,High School,Married,Rs.20L+,Platinum,47,2,0,0,199509,50,199459,2.269,157057,114,1.538,0.68,12,Not Churn,0.1115,5.58,Low,94.42,235585.5,Low activity,Low transactions,Customer disengagement,Run retention campaign,At-Risk Customer,Low,17511.86
767385755,Existing Customer,43,M,3,Post-Graduate,Married,Rs.5L - Rs.10L,Gold,23,2,2,2,378874,144166,234708,1.631,40112,42,1.524,0.202,52,Not Churn,0.2492,32.46,Low,67.53999999999999,60168.0,Low activity,Low transactions,Customer disengagement,Run retention campaign,At-Risk Customer,Low,9995.91
702690534,Attrited Customer,67,F,3,Graduate,Single,Rs.3L - Rs.5L,Blue,52,1,6,3,349763,172755,177008,1.734,17419,12,1.546,0.073,27,Not Churn,0.3279,56.39,Medium,43.61,26128.5,Low activity,Low transactions,Customer disengagement,Run retention campaign,At-Risk Customer,Medium,5711.69
755050236,Attrited Customer,60,F,0,High School,Married,Rs.10L - Rs.20L,Platinum,21,1,6,4,308825,14547,294278,0.723,25126,15,2.119,0.126,14,Not Churn,0.3541,57.7,Medium,42.3,37689.0,Low activity,Low transactions,Customer disengagement,Run retention campaign,At-Risk Customer,Medium,8897.12
773371187,Existing Customer,63,M,1,Post-Graduate,Single,Rs.10L - Rs.20L,Platinum,22,5,3,2,291780,128309,163471,1.955,24050,30,2.065,0.311,56,Not Churn,0.2557,32.78,Low,67.22,36075.0,Low activity,Low transactions,Customer disengagement,Run retention campaign,At-Risk Customer,Low,6149.59
764299419,Existing Customer,51,M,1,Graduate,Single,Rs.3L - Rs.5L,Platinum,26,3,1,0,425142,30604,394538,2.043,174339,69,2.234,0.733,82,Not Churn,0.1016,5.08,Low,94.92,261508.5,Low activity,Low transactions,Customer disengagement,Run retention campaign,At-Risk Customer,Low,17712.84
735063609,Attrited Customer,56,M,0,Graduate,Married,Rs.10L - Rs.20L,Blue,55,1,5,5,384796,153184,231612,2.343,12086,12,1.738,0.119,77,Not Churn,0.4033,60.16,Medium,39.84,18129.0,Low activity,Low transactions,Customer disengagement,Run retention campaign,At-Risk Customer,Medium,4874.28
718113115,Attrited Customer,58,M,2,High School,Married,Rs.20L+,Gold,54,2,5,4,452747,167126,285621,2.336,28761,14,1.913,0.022,44,Not Churn,0.3246,56.23,Medium,43.77,43141.5,Low activity,Low transactions,Customer disengagement,Run retention campaign,At-Risk Customer,Medium,9335.82
789631077,Attrited Customer,27,M,3,Post-Graduate,Married,Rs.10L - Rs.20L,Blue,34,2,4,3,422396,202162,220234,1.744,29583,6,0.537,0.188,54,Not Churn,0.3803,59.02,Medium,40.98,44374.5,Low activity,Low transactions,Customer disengagement,Run retention campaign,At-Risk Customer,Medium,11250.41
766064646,Existing Customer,69,M,1,High School,Single,Rs.20L+,Gold,49,3,0,1,118072,43252,74820,1.645,132498,69,2.319,0.792,19,Not Churn,0.1475,7.38,Low,92.62,198747.0,Low activity,Low transactions,Customer disengagement,Run retention campaign,At-Risk Customer,Low,19543.45
787676491,Existing Customer,29,F,2,Graduate,Single,Rs.10L - Rs.20L,Blue,15,4,1,0,406228,100809,305419,1.637,166541,116,0.603,0.515,80,Not Churn,0.0951,4.75,Low,95.25,249811.5,Low activity,Low transactions,Customer disengagement,Run retention campaign,At-Risk Customer,Low,15838.05
754495128,Existing Customer,69,F,3,Graduate,Single,Rs.10L - Rs.20L,Platinum,21,4,3,1,52126,19773,32353,1.68,68704,31,1.133,0.336,38,Not Churn,0.2262,31.31,Low,68.69,103056.0,Low activity,Low transactions,Customer disengagement,Run retention campaign,At-Risk Customer,Low,15540.84
728831723,Existing Customer,60,F,4,High School,Married,Rs.20L+,Gold,54,1,2,1,58390,24637,33753,0.793,66156,38,2.065,0.227,62,Not Churn,0.2656,33.28,Low,66.72,99234.0,Low activity,Low transactions,Customer disengagement,Run retention campaign,At-Risk Customer,Low,17571.03
712496877,Attrited Customer,57,F,1,Post-Graduate,Married,Rs.20L+,Platinum,53,2,5,3,245627,71643,173984,0.793,13716,8,2.163,0.034,84,Not Churn,0.3246,56.23,Medium,43.77,20574.0,Low activity,Low transactions,Customer disengagement,Run retention campaign,At-Risk Customer,Medium,4452.21
728564227,Existing Customer,57,F,1,High School,Single,Rs.10L - Rs.20L,Platinum,34,1,1,1,293159,114525,178634,1.458,113768,106,2.305,0.665,38,Not Churn,0.0459,2.3,Low,97.7,170652.0,Low activity,Low transactions,Customer disengagement,Run retention campaign,At-Risk Customer,Low,5221.95
710902770,Existing Customer,57,F,1,Post-Graduate,Single,Rs.10L - Rs.20L,Gold,18,2,0,1,263404,55046,208358,2.233,188281,119,2.26,0.429,27,Not Churn,0.082,4.1,Low,95.9,282421.5,Low activity,Low transactions,Customer disengagement,Run retention campaign,At-Risk Customer,Low,15439.04
758441578,Existing Customer,25,F,1,Graduate,Married,Rs.20L+,Platinum,26,3,0,0,347661,151253,196408,0.531,111134,92,1.604,0.606,89,Not Churn,0.1082,5.41,Low,94.59,166701.0,Low activity,Low transactions,Customer disengagement,Run retention campaign,At-Risk Customer,Low,12024.7
762544640,Existing Customer,39,F,0,High School,Single,Rs.5L - Rs.10L,Platinum,12,3,0,1,90158,36968,53190,0.779,161244,91,1.241,0.711,90,Not Churn,0.0656,3.28,Low,96.72,241866.0,Low activity,Low transactions,Customer disengagement,Run retention campaign,At-Risk Customer,Low,10577.61
732959637,Existing Customer,50,M,3,Post-Graduate,Single,Rs.10L - Rs.20L,Blue,53,1,1,1,457123,173531,283592,1.257,90609,91,1.383,0.447,78,Not Churn,0.0656,3.28,Low,96.72,135913.5,Low activity,Low transactions,Customer disengagement,Run retention campaign,At-Risk Customer,Low,5943.95
795364956,Attrited Customer,56,M,1,Graduate,Married,Rs.5L - Rs.10L,Gold,22,2,6,3,213134,35306,177828,1.338,24759,12,1.492,0.075,18,Not Churn,0.2984,54.92,Medium,45.08,37138.5,Low activity,Low transactions,Customer disengagement,Run retention campaign,At-Risk Customer,Medium,7388.09
715793305,Existing Customer,40,F,4,Graduate,Married,Rs.5L - Rs.10L,Gold,33,3,2,2,172630,18815,153815,0.761,50651,44,1.548,0.425,96,Not Churn,0.2984,34.92,Low,65.08,75976.5,Low activity,Low transactions,Customer disengagement,Run retention campaign,At-Risk Customer,Low,15114.26
756378319,Existing Customer,59,F,4,Post-Graduate,Married,Rs.3L - Rs.5L,Blue,25,2,3,3,197153,61879,135274,0.741,76296,45,1.305,0.243,88,Not Churn,0.3475,37.38,Low,62.62,114444.0,Low activity,Low transactions,Customer disengagement,Run retention campaign,At-Risk Customer,Low,26512.86
785368220,Existing Customer,68,F,0,High School,Married,Rs.3L - Rs.5L,Blue,25,3,0,1,418273,66279,351994,1.539,119111,86,0.645,0.621,100,Not Churn,0.082,4.1,Low,95.9,178666.5,Low activity,Low transactions,Customer disengagement,Run retention campaign,At-Risk Customer,Low,9767.1
701667620,Attrited Customer,52,M,3,Post-Graduate,Single,Rs.10L - Rs.20L,Blue,17,3,5,5,490277,96131,394146,2.361,21168,23,1.985,0.067,38,Not Churn,0.2361,41.8,Medium,58.2,31752.0,Low activity,Low transactions,Customer disengagement,Run retention campaign,At-Risk Customer,Medium,4997.76
750089850,Existing Customer,38,F,3,Graduate,Married,Rs.5L - Rs.10L,Blue,51,2,1,1,374910,179181,195729,1.405,116874,81,0.932,0.645,97,Not Churn,0.0984,4.92,Low,95.08,175311.0,Low activity,Low transactions,Customer disengagement,Run retention campaign,At-Risk Customer,Low,11500.4
736487153,Existing Customer,66,M,3,Post-Graduate,Single,Rs.5L - Rs.10L,Platinum,58,1,3,1,402562,136940,265622,1.808,79615,25,1.61,0.409,49,Not Churn,0.2689,33.45,Low,66.55,119422.5,Low activity,Low transactions,Customer disengagement,Run retention campaign,At-Risk Customer,Low,21408.47
767665325,Existing Customer,29,M,3,High School,Married,Rs.5L - Rs.10L,Gold,48,1,2,2,164119,2126,161993,1.813,57643,53,1.557,0.221,40,Not Churn,0.282,24.1,Low,75.9,86464.5,Low activity,Low transactions,Customer disengagement,Run retention campaign,At-Risk Customer,Low,16255.33
786504026,Attrited Customer,41,M,2,High School,Married,Rs.3L - Rs.5L,Gold,56,2,5,3,322436,3401,319035,2.056,28103,14,0.868,0.021,84,Not Churn,0.3148,55.74,Medium,44.26,42154.5,Low activity,Low transactions,Customer disengagement,Run retention campaign,At-Risk Customer,Medium,8846.82
779841192,Existing Customer,50,M,4,Post-Graduate,Married,Rs.10L - Rs.20L,Blue,35,2,3,1,161600,2151,159449,1.624,77319,40,1.327,0.423,36,Not Churn,0.2066,30.33,Low,69.67,115978.5,Low activity,Low transactions,Customer disengagement,Run retention campaign,At-Risk Customer,Low,15974.11
727250116,Existing Customer,40,F,1,Graduate,Married,Rs.3L - Rs.5L,Platinum,25,4,3,1,271001,75377,195624,0.658,30867,24,1.689,0.203,17,Not Churn,0.259,32.95,Low,67.05,46300.5,Low activity,Low transactions,Customer disengagement,Run retention campaign,At-Risk Customer,Low,7994.55
762489800,Existing Customer,64,F,4,Post-Graduate,Married,Rs.20L+,Gold,43,5,3,2,346154,70364,275790,1.909,29188,53,2.061,0.34,100,Not Churn,0.2852,24.26,Low,75.74,43782.0,Low activity,Low transactions,Customer disengagement,Run retention campaign,At-Risk Customer,Low,8324.42
706312353,Existing Customer,29,F,4,High School,Married,Rs.10L - Rs.20L,Blue,26,1,0,1,171123,50804,120319,2.042,186919,60,2.492,0.478,14,Not Churn,0.1607,8.04,Low,91.96000000000001,280378.5,Low activity,Low transactions,Customer disengagement,Run retention campaign,At-Risk Customer,Low,30037.88
782796434,Existing Customer,61,M,3,Post-Graduate,Married,Rs.20L+,Gold,19,4,1,1,442247,54987,387260,1.062,187492,103,0.594,0.646,40,Not Churn,0.0885,4.42,Low,95.58,281238.0,Low activity,Low transactions,Customer disengagement,Run retention campaign,At-Risk Customer,Low,16593.04
751499110,Attrited Customer,59,F,1,Post-Graduate,Married,Rs.10L - Rs.20L,Gold,26,5,4,4,313885,26463,287422,2.41,12878,14,2.133,0.132,81,Not Churn,0.2984,54.92,Medium,45.08,19317.0,Low activity,Low transactions,Customer disengagement,Run retention campaign,At-Risk Customer,Medium,3842.8
731537929,Existing Customer,57,M,4,Graduate,Married,Rs.10L - Rs.20L,Gold,33,3,3,2,85244,35668,49576,1.8,22725,51,0.678,0.251,35,Not Churn,0.3115,25.57,Low,74.43,34087.5,Low activity,Low transactions,Customer disengagement,Run retention campaign,At-Risk Customer,Low,7078.84
777443508,Existing Customer,65,M,1,High School,Married,Rs.3L - Rs.5L,Platinum,58,2,1,0,301600,88627,212973,1.131,171209,94,2.003,0.706,17,Not Churn,0.0426,2.13,Low,97.87,256813.5,Low activity,Low transactions,Customer disengagement,Run retention campaign,At-Risk Customer,Low,7293.5
773896272,Existing Customer,26,F,2,Graduate,Married,Rs.5L - Rs.10L,Blue,31,2,0,1,467325,161036,306289,0.959,134468,88,2.044,0.551,61,Not Churn,0.0984,4.92,Low,95.08,201702.0,Low activity,Low transactions,Customer disengagement,Run retention campaign,At-Risk Customer,Low,13231.65
749099938,Existing Customer,58,F,3,High School,Single,Rs.10L - Rs.20L,Blue,26,3,2,2,453930,212535,241395,1.609,24188,36,0.879,0.332,41,Not Churn,0.2852,34.26,Low,65.74000000000001,36282.0,Low activity,Low transactions,Customer disengagement,Run retention campaign,At-Risk Customer,Low,6898.42
780864978,Existing Customer,67,F,2,Post-Graduate,Married,Rs.20L+,Gold,17,5,3,1,170091,24550,145541,0.628,40977,28,0.929,0.367,46,Not Churn,0.3049,35.25,Low,64.75,61465.5,Low activity,Low transactions,Customer disengagement,Run retention campaign,At-Risk Customer,Low,12493.89
795553343,Existing Customer,42,F,0,High School,Single,Rs.3L - Rs.5L,Gold,46,5,2,2,376944,48440,328504,2.047,53484,22,1.128,0.435,76,Not Churn,0.2,30.0,Low,70.0,80226.0,Low activity,Low transactions,Customer disengagement,Run retention campaign,At-Risk Customer,Low,10696.8
786863754,Existing Customer,66,M,3,Post-Graduate,Married,Rs.3L - Rs.5L,Gold,26,4,1,1,199023,83217,115806,0.993,137300,68,1.252,0.757,35,Not Churn,0.2,10.0,Low,90.0,205950.0,Low activity,Low transactions,Customer disengagement,Run retention campaign,At-Risk Customer,Low,27460.0
787567513,Existing Customer,51,M,0,Post-Graduate,Single,Rs.20L+,Platinum,24,5,2,2,338402,66150,272252,2.25,24799,55,1.94,0.22,48,Not Churn,0.2328,21.64,Low,78.36,37198.5,Low activity,Low transactions,Customer disengagement,Run retention campaign,At-Risk Customer,Low,5773.21
761562268,Existing Customer,40,M,4,High School,Single,Rs.10L - Rs.20L,Platinum,28,5,0,1,360968,134979,225989,0.828,100294,114,0.626,0.51,29,Not Churn,0.0656,3.28,Low,96.72,150441.0,Low activity,Low transactions,Customer disengagement,Run retention campaign,At-Risk Customer,Low,6579.29
781348347,Existing Customer,65,F,3,High School,Single,Rs.10L - Rs.20L,Platinum,19,1,2,2,64422,7266,57156,1.975,78765,27,2.327,0.364,15,Not Churn,0.2754,33.77,Low,66.22999999999999,118147.5,Low activity,Low transactions,Customer disengagement,Run retention campaign,At-Risk Customer,Low,21691.88
759394109,Existing Customer,60,M,3,Post-Graduate,Single,Rs.10L - Rs.20L,Platinum,59,2,2,1,69270,30339,38931,2.079,39402,45,2.332,0.413,92,Not Churn,0.1967,29.84,Low,70.16,59103.0,Low activity,Low transactions,Customer disengagement,Run retention campaign,At-Risk Customer,Low,7750.37
778618487,Existing Customer,42,M,0,Post-Graduate,Single,Rs.3L - Rs.5L,Blue,34,4,3,1,100975,2702,98273,1.801,72727,24,2.235,0.311,67,Not Churn,0.2328,31.64,Low,68.36,109090.5,Low activity,Low transactions,Customer disengagement,Run retention campaign,At-Risk Customer,Low,16930.85
745379241,Existing Customer,58,F,3,Post-Graduate,Married,Rs.5L - Rs.10L,Platinum,31,5,1,0,362178,47997,314181,2.238,112388,92,1.132,0.591,39,Not Churn,0.0852,4.26,Low,95.74,168582.0,Low activity,Low transactions,Customer disengagement,Run retention campaign,At-Risk Customer,Low,9575.46
722517524,Existing Customer,55,M,3,High School,Single,Rs.5L - Rs.10L,Blue,45,4,3,3,85461,20426,65035,2.053,26154,53,1.569,0.251,77,Not Churn,0.2951,24.75,Low,75.25,39231.0,Low activity,Low transactions,Customer disengagement,Run retention campaign,At-Risk Customer,Low,7718.05
727070820,Attrited Customer,53,M,3,High School,Single,Rs.10L - Rs.20L,Gold,50,2,4,4,431707,146391,285316,1.266,13628,23,1.628,0.18,83,Not Churn,0.3508,47.54,Medium,52.46,20442.0,Low activity,Low transactions,Customer disengagement,Run retention campaign,At-Risk Customer,Medium,4780.7
742151903,Existing Customer,30,F,4,High School,Single,Rs.3L - Rs.5L,Platinum,31,5,1,0,313651,122822,190829,0.765,112230,101,1.534,0.559,26,Not Churn,0.0525,2.62,Low,97.38,168345.0,Low activity,Low transactions,Customer disengagement,Run retention campaign,At-Risk Customer,Low,5892.07
747681488,Existing Customer,54,F,1,Post-Graduate,Married,Rs.20L+,Platinum,43,2,3,1,403540,100389,303151,0.938,58933,38,0.698,0.288,94,Not Churn,0.3672,38.36,Low,61.64,88399.5,Low activity,Low transactions,Customer disengagement,Run retention campaign,At-Risk Customer,Low,21640.2
757300338,Existing Customer,33,M,2,Post-Graduate,Single,Rs.3L - Rs.5L,Blue,42,5,1,0,240448,95265,145183,1.304,164191,96,1.591,0.538,84,Not Churn,0.1082,5.41,Low,94.59,246286.5,Low activity,Low transactions,Customer disengagement,Run retention campaign,At-Risk Customer,Low,17765.47
728986114,Attrited Customer,60,F,2,Post-Graduate,Single,Rs.10L - Rs.20L,Platinum,39,4,5,3,268031,63340,204691,2.02,29845,21,1.397,0.128,44,Not Churn,0.2459,42.3,Medium,57.7,44767.5,Low activity,Low transactions,Customer disengagement,Run retention campaign,At-Risk Customer,Medium,7338.89
760703540,Existing Customer,53,F,1,Post-Graduate,Single,Rs.5L - Rs.10L,Gold,31,1,0,1,126729,43041,83688,1.808,118832,91,2.099,0.543,28,Not Churn,0.0852,4.26,Low,95.74,178248.0,Low activity,Low transactions,Customer disengagement,Run retention campaign,At-Risk Customer,Low,10124.49
769850592,Existing Customer,39,F,3,High School,Married,Rs.5L - Rs.10L,Blue,45,3,1,1,478001,10009,467992,2.153,168808,68,0.996,0.56,92,Not Churn,0.1246,6.23,Low,93.77,253212.0,Low activity,Low transactions,Customer disengagement,Run retention campaign,At-Risk Customer,Low,21033.48
729925235,Attrited Customer,35,M,0,High School,Married,Rs.20L+,Platinum,48,3,6,3,107005,14286,92719,1.567,27146,15,0.638,0.074,24,Not Churn,0.2918,54.59,Medium,45.41,40719.0,Low activity,Low transactions,Customer disengagement,Run retention campaign,At-Risk Customer,Medium,7921.2
777512933,Attrited Customer,59,F,4,Post-Graduate,Single,Rs.3L - Rs.5L,Gold,15,2,4,3,309295,88323,220972,1.311,23727,24,2.28,0.059,49,Not Churn,0.282,44.1,Medium,55.9,35590.5,Low activity,Low transactions,Customer disengagement,Run retention campaign,At-Risk Customer,Medium,6691.01
752054041,Attrited Customer,40,F,4,High School,Married,Rs.5L - Rs.10L,Gold,14,4,4,3,208765,36887,171878,1.404,11686,18,2.308,0.072,53,Not Churn,0.3115,55.58,Medium,44.42,17529.0,Low activity,Low transactions,Customer disengagement,Run retention campaign,At-Risk Customer,Medium,3640.19
776592817,Existing Customer,57,F,0,High School,Single,Rs.20L+,Gold,21,5,3,3,237867,109512,128355,1.248,24664,43,0.809,0.335,21,Not Churn,0.2951,34.75,Low,65.25,36996.0,Low activity,Low transactions,Customer disengagement,Run retention campaign,At-Risk Customer,Low,7278.35
794722278,Existing Customer,44,F,2,High School,Single,Rs.10L - Rs.20L,Blue,52,5,3,1,168741,8201,160540,1.705,23933,32,1.338,0.28,47,Not Churn,0.2197,30.98,Low,69.02,35899.5,Low activity,Low transactions,Customer disengagement,Run retention campaign,At-Risk Customer,Low,5258.08
766412348,Existing Customer,34,F,2,Graduate,Married,Rs.10L - Rs.20L,Blue,46,4,3,2,435662,214218,221444,2.032,63388,21,2.405,0.415,71,Not Churn,0.1934,29.67,Low,70.33,95082.0,Low activity,Low transactions,Customer disengagement,Run retention campaign,At-Risk Customer,Low,12259.24
723612289,Existing Customer,46,M,2,Graduate,Single,Rs.20L+,Gold,26,1,2,3,146398,3140,143258,2.164,69529,20,0.515,0.412,58,Not Churn,0.3639,38.2,Low,61.8,104293.5,Low activity,Low transactions,Customer disengagement,Run retention campaign,At-Risk Customer,Low,25301.6
720645137,Attrited Customer,63,M,0,Graduate,Married,Rs.3L - Rs.5L,Gold,23,3,5,4,77164,11590,65574,1.156,19923,23,1.196,0.041,27,Not Churn,0.3115,45.58,Medium,54.42,29884.5,Low activity,Low transactions,Customer disengagement,Run retention campaign,At-Risk Customer,Medium,6206.01
772419623,Existing Customer,39,M,1,Graduate,Married,Rs.3L - Rs.5L,Platinum,41,1,2,2,74627,32470,42157,2.203,35910,22,1.36,0.475,77,Not Churn,0.2721,33.61,Low,66.39,53865.0,Low activity,Low transactions,Customer disengagement,Run retention campaign,At-Risk Customer,Low,9771.11
774667525,Existing Customer,69,M,3,Post-Graduate,Married,Rs.10L - Rs.20L,Blue,19,1,0,0,469346,65547,403799,1.031,192162,105,2.428,0.803,55,Not Churn,0.0426,2.13,Low,97.87,288243.0,Low activity,Low transactions,Customer disengagement,Run retention campaign,At-Risk Customer,Low,8186.1
735825207,Attrited Customer,36,M,2,High School,Single,Rs.10L - Rs.20L,Blue,21,5,4,5,286577,43179,243398,1.098,11904,20,1.972,0.179,21,Not Churn,0.3738,48.69,Medium,51.31,17856.0,Low activity,Low transactions,Customer disengagement,Run retention campaign,At-Risk Customer,Medium,4449.72
775809602,Existing Customer,36,M,2,High School,Single,Rs.20L+,Platinum,36,1,1,1,365149,91823,273326,2.105,135069,80,1.258,0.612,71,Not Churn,0.0984,4.92,Low,95.08,202603.5,Low activity,Low transactions,Customer disengagement,Run retention campaign,At-Risk Customer,Low,13290.79
712292249,Existing Customer,50,M,2,High School,Single,Rs.20L+,Blue,59,1,3,1,155354,51002,104352,2.159,66934,24,1.913,0.273,64,Not Churn,0.2852,34.26,Low,65.74000000000001,100401.0,Low activity,Low transactions,Customer disengagement,Run retention campaign,At-Risk Customer,Low,19089.58
798270596,Existing Customer,39,F,4,High School,Married,Rs.10L - Rs.20L,Blue,42,5,2,2,291326,33822,257504,0.774,72541,34,1.434,0.241,81,Not Churn,0.223,31.15,Low,68.85,108811.5,Low activity,Low transactions,Customer disengagement,Run retention campaign,At-Risk Customer,Low,16176.64
720986965,Existing Customer,28,F,2,Graduate,Single,Rs.10L - Rs.20L,Platinum,56,4,2,2,386212,156862,229350,2.243,31810,52,1.339,0.29,60,Not Churn,0.1902,19.51,Low,80.49,47715.0,Low activity,Low transactions,Customer disengagement,Run retention campaign,At-Risk Customer,Low,6050.26
757380468,Existing Customer,60,F,2,Graduate,Married,Rs.3L - Rs.5L,Blue,25,5,3,2,65754,10603,55151,0.555,31541,54,0.542,0.338,57,Not Churn,0.3049,25.25,Low,74.75,47311.5,Low activity,Low transactions,Customer disengagement,Run retention campaign,At-Risk Customer,Low,9616.85
732091190,Existing Customer,27,M,0,Graduate,Married,Rs.5L - Rs.10L,Gold,55,4,3,1,327231,56668,270563,1.902,55962,26,0.588,0.26,36,Not Churn,0.2328,31.64,Low,68.36,83943.0,Low activity,Low transactions,Customer disengagement,Run retention campaign,At-Risk Customer,Low,13027.95
795435735,Existing Customer,69,F,3,High School,Single,Rs.20L+,Blue,48,4,1,1,92638,16764,75874,0.763,168091,102,1.754,0.543,99,Not Churn,0.0459,2.3,Low,97.7,252136.5,Low activity,Low transactions,Customer disengagement,Run retention campaign,At-Risk Customer,Low,7715.38
738354433,Attrited Customer,61,M,1,Post-Graduate,Married,Rs.3L - Rs.5L,Blue,30,5,6,4,144204,63770,80434,1.53,23533,22,0.961,0.121,31,Not Churn,0.3213,46.06,Medium,53.94,35299.5,Low activity,Low transactions,Customer disengagement,Run retention campaign,At-Risk Customer,Medium,7561.15
774176545,Attrited Customer,37,F,3,Graduate,Single,Rs.3L - Rs.5L,Gold,38,4,6,3,492025,76916,415109,0.606,29246,13,0.587,0.012,52,Not Churn,0.4,60.0,Medium,40.0,43869.0,Low activity,Low transactions,Customer disengagement,Run retention campaign,At-Risk Customer,Medium,11698.4
761940717,Existing Customer,37,M,1,Post-Graduate,Married,Rs.5L - Rs.10L,Blue,40,5,0,0,140681,39947,100734,1.604,196064,91,1.186,0.483,46,Not Churn,0.1508,7.54,Low,92.46,294096.0,Low activity,Low transactions,Customer disengagement,Run retention campaign,At-Risk Customer,Low,29566.45
761009961,Existing Customer,28,F,2,Graduate,Single,Rs.20L+,Platinum,32,5,1,0,336618,94073,242545,1.155,94544,119,1.827,0.725,96,Not Churn,0.0689,3.45,Low,96.55,141816.0,Low activity,Low transactions,Customer disengagement,Run retention campaign,At-Risk Customer,Low,6514.08
762273660,Existing Customer,43,F,1,Graduate,Single,Rs.20L+,Blue,24,5,1,1,345244,52019,293225,2.08,84997,107,1.566,0.429,46,Not Churn,0.0852,4.26,Low,95.74,127495.5,Low activity,Low transactions,Customer disengagement,Run retention campaign,At-Risk Customer,Low,7241.74
746607930,Existing Customer,63,F,1,High School,Single,Rs.10L - Rs.20L,Gold,49,2,2,2,85994,7810,78184,1.939,29584,56,0.665,0.475,85,Not Churn,0.3082,25.41,Low,74.59,44376.0,Low activity,Low transactions,Customer disengagement,Run retention campaign,At-Risk Customer,Low,9117.79
757801432,Attrited Customer,37,F,2,Graduate,Single,Rs.3L - Rs.5L,Gold,32,4,4,5,409653,80653,329000,2.008,21828,20,0.509,0.105,82,Not Churn,0.3377,46.89,Medium,53.11,32742.0,Low activity,Low transactions,Customer disengagement,Run retention campaign,At-Risk Customer,Medium,7371.32
759106393,Attrited Customer,58,M,0,Graduate,Married,Rs.20L+,Platinum,28,3,6,4,164812,19126,145686,2.157,27049,22,1.467,0.166,85,Not Churn,0.223,41.15,Medium,58.85,40573.5,Low activity,Low transactions,Customer disengagement,Run retention campaign,At-Risk Customer,Medium,6031.93
734122076,Existing Customer,41,M,4,Graduate,Single,Rs.3L - Rs.5L,Platinum,53,1,3,1,140754,7267,133487,1.441,20540,32,0.539,0.363,76,Not Churn,0.3836,39.18,Low,60.82,30810.0,Low activity,Low transactions,Customer disengagement,Run retention campaign,At-Risk Customer,Low,7879.14
712767599,Existing Customer,27,M,1,High School,Married,Rs.3L - Rs.5L,Gold,29,5,1,1,178970,78552,100418,1.488,145931,85,0.75,0.45,86,Not Churn,0.1443,7.22,Low,92.78,218896.5,Low activity,Low transactions,Customer disengagement,Run retention campaign,At-Risk Customer,Low,21057.84
705989288,Existing Customer,69,F,0,High School,Married,Rs.10L - Rs.20L,Blue,42,5,2,2,340501,63359,277142,0.506,63852,56,1.144,0.458,16,Not Churn,0.1705,18.52,Low,81.48,95778.0,Low activity,Low transactions,Customer disengagement,Run retention campaign,At-Risk Customer,Low,10886.77
767699632,Attrited Customer,45,M,1,Post-Graduate,Single,Rs.10L - Rs.20L,Gold,27,3,6,5,466445,77623,388822,2.319,21411,10,2.062,0.165,24,Not Churn,0.2689,53.45,Medium,46.55,32116.5,Low activity,Low transactions,Customer disengagement,Run retention campaign,At-Risk Customer,Medium,5757.42
741910643,Existing Customer,65,F,2,Post-Graduate,Single,Rs.3L - Rs.5L,Platinum,27,2,1,1,216523,32309,184214,0.893,186245,107,1.479,0.548,53,Not Churn,0.059,2.95,Low,97.05,279367.5,Low activity,Low transactions,Customer disengagement,Run retention campaign,At-Risk Customer,Low,10988.45
760706304,Existing Customer,36,F,2,Post-Graduate,Married,Rs.10L - Rs.20L,Platinum,50,4,1,0,425185,186720,238465,0.648,89639,89,1.556,0.551,22,Not Churn,0.0852,4.26,Low,95.74,134458.5,Low activity,Low transactions,Customer disengagement,Run retention campaign,At-Risk Customer,Low,7637.24
709950310,Existing Customer,66,M,3,High School,Married,Rs.10L - Rs.20L,Platinum,29,2,2,3,471806,99952,371854,1.768,34240,43,1.164,0.25,93,Not Churn,0.2492,32.46,Low,67.53999999999999,51360.0,Low activity,Low transactions,Customer disengagement,Run retention campaign,At-Risk Customer,Low,8532.61
745543776,Existing Customer,65,F,4,Graduate,Single,Rs.20L+,Gold,39,2,0,1,172520,54168,118352,1.807,105098,70,1.489,0.517,95,Not Churn,0.1475,7.38,Low,92.62,157647.0,Low activity,Low transactions,Customer disengagement,Run retention campaign,At-Risk Customer,Low,15501.95
750663166,Existing Customer,57,F,3,High School,Single,Rs.5L - Rs.10L,Blue,56,4,0,1,90864,14553,76311,2.21,195146,62,1.631,0.515,83,Not Churn,0.1377,6.88,Low,93.12,292719.0,Low activity,Low transactions,Customer disengagement,Run retention campaign,At-Risk Customer,Low,26871.6
725885748,Existing Customer,26,F,2,Graduate,Single,Rs.20L+,Blue,57,4,3,1,151287,55173,96114,1.582,24970,55,1.775,0.385,85,Not Churn,0.2098,20.49,Low,79.51,37455.0,Low activity,Low transactions,Customer disengagement,Run retention campaign,At-Risk Customer,Low,5238.71
796076883,Existing Customer,64,M,1,Graduate,Married,Rs.10L - Rs.20L,Platinum,31,2,1,0,484195,69751,414444,1.434,91643,107,2.038,0.848,45,Not Churn,0.0262,1.31,Low,98.69,137464.5,Low activity,Low transactions,Customer disengagement,Run retention campaign,At-Risk Customer,Low,2401.05
757062239,Existing Customer,28,M,1,High School,Married,Rs.10L - Rs.20L,Platinum,32,5,2,3,328237,160899,167338,1.377,56735,57,1.95,0.224,68,Not Churn,0.2754,23.77,Low,76.23,85102.5,Low activity,Low transactions,Customer disengagement,Run retention campaign,At-Risk Customer,Low,15624.82
774166781,Existing Customer,48,F,3,Post-Graduate,Married,Rs.20L+,Blue,24,2,2,3,262818,24653,238165,1.048,23004,22,1.972,0.411,34,Not Churn,0.3475,37.38,Low,62.62,34506.0,Low activity,Low transactions,Customer disengagement,Run retention campaign,At-Risk Customer,Low,7993.89
795524121,Existing Customer,48,F,2,High School,Married,Rs.20L+,Gold,23,2,2,2,351371,70258,281113,0.769,67495,57,2.01,0.219,96,Not Churn,0.2426,22.13,Low,77.87,101242.5,Low activity,Low transactions,Customer disengagement,Run retention campaign,At-Risk Customer,Low,16374.29
716828252,Existing Customer,55,F,2,High School,Married,Rs.10L - Rs.20L,Blue,44,3,2,2,76393,28378,48015,1.462,36009,29,1.072,0.292,35,Not Churn,0.223,31.15,Low,68.85,54013.5,Low activity,Low transactions,Customer disengagement,Run retention campaign,At-Risk Customer,Low,8030.01
792423400,Existing Customer,58,F,1,Graduate,Married,Rs.20L+,Platinum,22,3,0,1,144872,2676,142196,1.98,102442,61,2.342,0.728,79,Not Churn,0.1475,7.38,Low,92.62,153663.0,Low activity,Low transactions,Customer disengagement,Run retention campaign,At-Risk Customer,Low,15110.19
737843707,Existing Customer,50,M,4,Post-Graduate,Married,Rs.10L - Rs.20L,Gold,37,1,1,0,66242,7384,58858,0.991,127277,71,1.886,0.608,13,Not Churn,0.1279,6.4,Low,93.6,190915.5,Low activity,Low transactions,Customer disengagement,Run retention campaign,At-Risk Customer,Low,16278.73
717033998,Attrited Customer,41,F,4,Post-Graduate,Single,Rs.10L - Rs.20L,Platinum,44,3,5,3,54853,6745,48108,1.626,17127,9,1.632,0.175,93,Not Churn,0.2885,54.42,Medium,45.58,25690.5,Low activity,Low transactions,Customer disengagement,Run retention campaign,At-Risk Customer,Medium,4941.14
729971379,Attrited Customer,44,M,0,Graduate,Single,Rs.5L - Rs.10L,Gold,16,2,5,5,323943,22708,301235,0.507,18236,11,2.151,0.05,75,Not Churn,0.3541,57.7,Medium,42.3,27354.0,Low activity,Low transactions,Customer disengagement,Run retention campaign,At-Risk Customer,Medium,6457.37
737252465,Existing Customer,62,M,1,Graduate,Single,Rs.5L - Rs.10L,Gold,30,4,2,1,267498,96367,171131,1.332,22509,40,1.573,0.248,20,Not Churn,0.2393,31.96,Low,68.03999999999999,33763.5,Low activity,Low transactions,Customer disengagement,Run retention campaign,At-Risk Customer,Low,5386.4
796971294,Existing Customer,52,F,4,High School,Married,Rs.3L - Rs.5L,Gold,54,3,3,2,167024,19653,147371,0.663,55037,26,1.021,0.472,67,Not Churn,0.3279,36.39,Low,63.61,82555.5,Low activity,Low transactions,Customer disengagement,Run retention campaign,At-Risk Customer,Low,18046.63
735373966,Existing Customer,50,M,4,High School,Married,Rs.5L - Rs.10L,Blue,41,1,3,3,492872,153795,339077,1.797,66323,20,0.608,0.293,80,Not Churn,0.3607,38.03,Low,61.97,99484.5,Low activity,Low transactions,Customer disengagement,Run retention campaign,At-Risk Customer,Low,23922.71
763456045,Existing Customer,44,F,1,High School,Single,Rs.20L+,Platinum,43,2,1,1,204303,72495,131808,2.021,193867,102,1.042,0.49,76,Not Churn,0.0525,2.62,Low,97.38,290800.5,Low activity,Low transactions,Customer disengagement,Run retention campaign,At-Risk Customer,Low,10178.02
704910772,Existing Customer,53,M,2,Graduate,Married,Rs.10L - Rs.20L,Gold,45,1,0,0,57685,8357,49328,1.386,161916,92,1.409,0.442,13,Not Churn,0.0787,3.94,Low,96.06,242874.0,Low activity,Low transactions,Customer disengagement,Run retention campaign,At-Risk Customer,Low,12742.79
707906955,Attrited Customer,66,M,1,Graduate,Married,Rs.3L - Rs.5L,Gold,58,3,5,5,189949,76113,113836,2.25,29456,8,1.064,0.126,85,Not Churn,0.2557,52.78,Medium,47.22,44184.0,Low activity,Low transactions,Customer disengagement,Run retention campaign,At-Risk Customer,Medium,7531.9
771164442,Attrited Customer,67,M,2,Post-Graduate,Married,Rs.20L+,Platinum,15,4,4,4,182300,14747,167553,2.304,22765,19,2.092,0.147,10,Not Churn,0.2295,51.48,Medium,48.52,34147.5,Low activity,Low transactions,Customer disengagement,Run retention campaign,At-Risk Customer,Medium,5224.57
709110959,Attrited Customer,49,M,4,Post-Graduate,Married,Rs.20L+,Blue,25,3,6,5,246076,46250,199826,1.737,28884,5,1.752,0.132,68,Not Churn,0.2525,52.62,Medium,47.38,43326.0,Low activity,Low transactions,Customer disengagement,Run retention campaign,At-Risk Customer,Medium,7293.21
703812408,Existing Customer,61,M,4,Post-Graduate,Single,Rs.3L - Rs.5L,Gold,44,4,3,3,117951,25144,92807,1.289,24781,57,2.496,0.492,56,Not Churn,0.2984,24.92,Low,75.08,37171.5,Low activity,Low transactions,Customer disengagement,Run retention campaign,At-Risk Customer,Low,7394.65
795700221,Existing Customer,67,F,4,High School,Married,Rs.5L - Rs.10L,Gold,33,1,2,1,374612,65020,309592,0.602,60379,29,2.341,0.342,11,Not Churn,0.2656,33.28,Low,66.72,90568.5,Low activity,Low transactions,Customer disengagement,Run retention campaign,At-Risk Customer,Low,16036.66
702644978,Existing Customer,27,M,2,Post-Graduate,Married,Rs.20L+,Platinum,39,5,3,1,95461,19954,75507,2.314,36761,51,0.813,0.356,62,Not Churn,0.2885,24.42,Low,75.58,55141.5,Low activity,Low transactions,Customer disengagement,Run retention campaign,At-Risk Customer,Low,10605.55
735961722,Existing Customer,49,M,0,Post-Graduate,Single,Rs.3L - Rs.5L,Gold,27,2,1,0,113791,51978,61813,1.336,139620,109,0.788,0.884,71,Not Churn,0.0557,2.79,Low,97.21,209430.0,Low activity,Low transactions,Customer disengagement,Run retention campaign,At-Risk Customer,Low,7776.83
710652975,Existing Customer,69,M,1,Post-Graduate,Married,Rs.5L - Rs.10L,Platinum,42,2,2,2,356579,20455,336124,2.294,40421,40,1.143,0.443,79,Not Churn,0.2262,31.31,Low,68.69,60631.5,Low activity,Low transactions,Customer disengagement,Run retention campaign,At-Risk Customer,Low,9143.23
714669768,Existing Customer,56,M,1,Graduate,Single,Rs.10L - Rs.20L,Gold,30,3,2,3,414398,178681,235717,1.652,59759,35,1.296,0.255,97,Not Churn,0.2721,33.61,Low,66.39,89638.5,Low activity,Low transactions,Customer disengagement,Run retention campaign,At-Risk Customer,Low,16260.42
739665852,Attrited Customer,40,M,1,Post-Graduate,Single,Rs.10L - Rs.20L,Blue,48,2,5,4,345712,13897,331815,1.989,22883,18,2.302,0.118,40,Not Churn,0.341,57.05,Medium,42.95,34324.5,Low activity,Low transactions,Customer disengagement,Run retention campaign,At-Risk Customer,Medium,7803.1
743058560,Existing Customer,53,M,2,Post-Graduate,Single,Rs.10L - Rs.20L,Blue,43,4,1,1,403863,51884,351979,1.469,119651,93,0.702,0.525,40,Not Churn,0.0492,2.46,Low,97.54,179476.5,Low activity,Low transactions,Customer disengagement,Run retention campaign,At-Risk Customer,Low,5886.83
776419431,Existing Customer,36,F,3,High School,Married,Rs.5L - Rs.10L,Gold,18,4,0,1,376695,109595,267100,1.299,118771,64,1.868,0.407,10,Not Churn,0.1738,8.69,Low,91.31,178156.5,Low activity,Low transactions,Customer disengagement,Run retention campaign,At-Risk Customer,Low,20642.4
796289143,Existing Customer,30,F,4,Graduate,Married,Rs.20L+,Gold,29,3,1,1,94080,19617,74463,0.979,192542,76,2.38,0.858,52,Not Churn,0.1607,8.04,Low,91.96000000000001,288813.0,Low activity,Low transactions,Customer disengagement,Run retention campaign,At-Risk Customer,Low,30941.5
768048370,Existing Customer,45,M,3,Post-Graduate,Married,Rs.20L+,Gold,21,5,3,2,94675,13767,80908,0.618,51600,43,0.717,0.375,81,Not Churn,0.3967,39.84,Low,60.16,77400.0,Low activity,Low transactions,Customer disengagement,Run retention campaign,At-Risk Customer,Low,20469.72
705615173,Attrited Customer,35,F,3,High School,Married,Rs.3L - Rs.5L,Gold,43,2,6,4,441360,186156,255204,2.458,14174,21,1.295,0.132,51,Not Churn,0.2787,43.94,Medium,56.06,21261.0,Low activity,Low transactions,Customer disengagement,Run retention campaign,At-Risk Customer,Medium,3950.29
739808992,Existing Customer,60,M,2,Graduate,Single,Rs.3L - Rs.5L,Platinum,28,1,1,1,336149,142238,193911,2.073,130108,113,0.808,0.497,37,Not Churn,0.0525,2.62,Low,97.38,195162.0,Low activity,Low transactions,Customer disengagement,Run retention campaign,At-Risk Customer,Low,6830.67
782780138,Existing Customer,46,F,2,High School,Married,Rs.20L+,Blue,17,2,2,1,463069,226068,237001,1.625,43650,40,1.695,0.23,76,Not Churn,0.1934,29.67,Low,70.33,65475.0,Low activity,Low transactions,Customer disengagement,Run retention campaign,At-Risk Customer,Low,8441.91
758543493,Attrited Customer,39,M,3,Post-Graduate,Single,Rs.3L - Rs.5L,Gold,21,3,5,4,375381,145401,229980,1.788,13386,22,0.772,0.108,39,Not Churn,0.3607,48.03,Medium,51.97,20079.0,Low activity,Low transactions,Customer disengagement,Run retention campaign,At-Risk Customer,Medium,4828.33
735864847,Existing Customer,50,M,3,Post-Graduate,Married,Rs.5L - Rs.10L,Platinum,56,3,3,2,435100,75253,359847,1.477,55531,22,1.35,0.47,55,Not Churn,0.2525,32.62,Low,67.38,83296.5,Low activity,Low transactions,Customer disengagement,Run retention campaign,At-Risk Customer,Low,14021.58
730372062,Existing Customer,51,M,0,Graduate,Single,Rs.10L - Rs.20L,Blue,48,4,0,0,393390,148613,244777,2.114,112682,74,0.787,0.696,18,Not Churn,0.1377,6.88,Low,93.12,169023.0,Low activity,Low transactions,Customer disengagement,Run retention campaign,At-Risk Customer,Low,15516.31
773571356,Attrited Customer,50,M,1,Graduate,Married,Rs.3L - Rs.5L,Gold,53,1,4,4,323356,88464,234892,1.902,23041,22,2.235,0.187,24,Not Churn,0.3311,46.55,Medium,53.45,34561.5,Low activity,Low transactions,Customer disengagement,Run retention campaign,At-Risk Customer,Medium,7628.88
725254630,Attrited Customer,41,F,2,High School,Single,Rs.20L+,Platinum,38,2,4,3,279924,76779,203145,0.737,16174,23,0.781,0.15,74,Not Churn,0.4098,50.49,Medium,49.51,24261.0,Low activity,Low transactions,Customer disengagement,Run retention campaign,At-Risk Customer,Medium,6628.11
749557113,Existing Customer,69,F,0,Post-Graduate,Married,Rs.3L - Rs.5L,Platinum,53,1,1,0,390959,99500,291459,1.095,145309,72,0.656,0.85,97,Not Churn,0.1213,6.07,Low,93.93,217963.5,Low activity,Low transactions,Customer disengagement,Run retention campaign,At-Risk Customer,Low,17625.98
762570825,Existing Customer,30,F,3,High School,Married,Rs.20L+,Blue,15,2,3,3,77765,14518,63247,0.61,79971,22,1.708,0.422,35,Not Churn,0.2984,34.92,Low,65.08,119956.5,Low activity,Low transactions,Customer disengagement,Run retention campaign,At-Risk Customer,Low,23863.35
702117064,Attrited Customer,64,F,1,High School,Single,Rs.10L - Rs.20L,Gold,24,2,5,4,50220,20885,29335,1.277,19755,20,0.525,0.142,27,Not Churn,0.4361,51.8,Medium,48.2,29632.5,Low activity,Low transactions,Customer disengagement,Run retention campaign,At-Risk Customer,Medium,8615.16
774587989,Existing Customer,48,F,3,High School,Married,Rs.20L+,Blue,30,3,2,3,271735,120936,150799,2.196,34247,57,1.41,0.397,94,Not Churn,0.2033,20.16,Low,79.84,51370.5,Low activity,Low transactions,Customer disengagement,Run retention campaign,At-Risk Customer,Low,6962.42
775617220,Attrited Customer,62,M,0,Post-Graduate,Single,Rs.20L+,Platinum,40,3,6,5,145047,30996,114051,1.144,24180,5,2.155,0.175,57,Not Churn,0.3344,56.72,Medium,43.28,36270.0,Low activity,Low transactions,Customer disengagement,Run retention campaign,At-Risk Customer,Medium,8085.79
775349512,Existing Customer,60,M,2,High School,Single,Rs.3L - Rs.5L,Gold,40,1,0,1,360705,50159,310546,1.588,120473,85,0.961,0.816,66,Not Churn,0.1082,5.41,Low,94.59,180709.5,Low activity,Low transactions,Customer disengagement,Run retention campaign,At-Risk Customer,Low,13035.18
740620913,Existing Customer,28,M,4,High School,Married,Rs.10L - Rs.20L,Blue,39,1,0,1,448474,37399,411075,0.519,171451,119,1.881,0.545,30,Not Churn,0.0426,2.13,Low,97.87,257176.5,Low activity,Low transactions,Customer disengagement,Run retention campaign,At-Risk Customer,Low,7303.81
758296712,Existing Customer,65,M,3,High School,Single,Rs.10L - Rs.20L,Gold,35,1,0,1,112564,34841,77723,1.498,192082,79,1.21,0.442,69,Not Churn,0.1213,6.07,Low,93.93,288123.0,Low activity,Low transactions,Customer disengagement,Run retention campaign,At-Risk Customer,Low,23299.55
777553703,Existing Customer,33,F,4,Post-Graduate,Married,Rs.5L - Rs.10L,Blue,47,5,2,2,107219,31557,75662,1.065,65496,30,2.393,0.37,23,Not Churn,0.223,31.15,Low,68.85,98244.0,Low activity,Low transactions,Customer disengagement,Run retention campaign,At-Risk Customer,Low,14605.61
736767343,Existing Customer,29,M,0,Graduate,Single,Rs.3L - Rs.5L,Gold,53,1,0,1,194887,82401,112486,2.368,128978,80,1.294,0.451,79,Not Churn,0.1803,9.01,Low,90.99,193467.0,Low activity,Low transactions,Customer disengagement,Run retention campaign,At-Risk Customer,Low,23254.73
712500043,Attrited Customer,33,M,4,Graduate,Married,Rs.10L - Rs.20L,Blue,29,1,5,4,460370,118694,341676,0.8,6269,17,0.505,0.014,52,Churn,0.6066,70.33,High,29.67,9403.5,Low activity,Low transactions,Customer disengagement,Run retention campaign,At-Risk Customer,High,3802.78
746298961,Attrited Customer,28,F,3,Post-Graduate,Single,Rs.20L+,Blue,53,2,5,5,494410,95205,399205,0.912,29575,24,1.08,0.112,58,Not Churn,0.3869,49.34,Medium,50.66,44362.5,Low activity,Low transactions,Customer disengagement,Run retention campaign,At-Risk Customer,Medium,11442.57
705653528,Attrited Customer,45,F,1,High School,Married,Rs.10L - Rs.20L,Blue,57,4,5,4,212987,55552,157435,1.907,21491,24,0.714,0.023,97,Not Churn,0.2721,43.61,Medium,56.39,32236.5,Low activity,Low transactions,Customer disengagement,Run retention campaign,At-Risk Customer,Medium,5847.7
724460685,Existing Customer,43,F,4,Post-Graduate,Married,Rs.5L - Rs.10L,Blue,43,4,2,1,122869,1532,121337,0.966,71418,15,1.046,0.392,99,Not Churn,0.2262,41.31,Medium,58.69,107127.0,Low activity,Low transactions,Customer disengagement,Run retention campaign,At-Risk Customer,Medium,16154.75
771055552,Attrited Customer,43,F,3,High School,Married,Rs.20L+,Blue,38,2,6,5,339520,30686,308834,0.936,29653,10,0.584,0.168,64,Not Churn,0.4393,61.97,Medium,38.03,44479.5,Low activity,Low transactions,Customer disengagement,Run retention campaign,At-Risk Customer,Medium,13026.56
789872145,Existing Customer,46,F,4,High School,Married,Rs.20L+,Gold,27,1,0,1,347383,161939,185444,0.853,135623,92,2.105,0.523,87,Not Churn,0.0557,2.79,Low,97.21,203434.5,Low activity,Low transactions,Customer disengagement,Run retention campaign,At-Risk Customer,Low,7554.2
798738636,Existing Customer,40,F,3,Graduate,Married,Rs.5L - Rs.10L,Platinum,25,4,0,1,119506,3425,116081,1.414,110991,104,0.583,0.65,40,Not Churn,0.0852,4.26,Low,95.74,166486.5,Low activity,Low transactions,Customer disengagement,Run retention campaign,At-Risk Customer,Low,9456.43
722258938,Attrited Customer,29,F,2,Graduate,Married,Rs.5L - Rs.10L,Blue,15,4,5,3,165346,683,164663,2.329,11113,22,1.137,0.09,18,Not Churn,0.2885,44.42,Medium,55.58,16669.5,Low activity,Low transactions,Customer disengagement,Run retention campaign,At-Risk Customer,Medium,3206.1
774429035,Attrited Customer,67,F,3,Post-Graduate,Single,Rs.3L - Rs.5L,Blue,48,5,5,5,277267,128073,149194,1.641,19320,22,2.2,0.127,37,Not Churn,0.2689,43.45,Medium,56.55,28980.0,Low activity,Low transactions,Customer disengagement,Run retention campaign,At-Risk Customer,Medium,5195.15
755424041,Attrited Customer,40,M,1,Graduate,Single,Rs.10L - Rs.20L,Blue,10,4,16,3,59344,3277,56067,0.893,10672,7,0.864,0.093,86,Not Churn,0.4131,60.66,Medium,39.34,16008.0,Low activity,Low transactions,Customer disengagement,Run retention campaign,At-Risk Customer,Medium,4408.6
766233131,Existing Customer,31,F,2,Post-Graduate,Single,Rs.5L - Rs.10L,Platinum,50,1,2,2,482889,119002,363887,0.909,35397,27,0.881,0.246,46,Not Churn,0.3803,39.02,Low,60.98,53095.5,Low activity,Low transactions,Customer disengagement,Run retention campaign,At-Risk Customer,Low,13461.48
786683750,Attrited Customer,49,M,3,Post-Graduate,Married,Rs.20L+,Blue,52,5,6,3,366995,63667,303328,0.599,25690,16,1.965,0.021,84,Not Churn,0.282,54.1,Medium,45.9,38535.0,Low activity,Low transactions,Customer disengagement,Run retention campaign,At-Risk Customer,Medium,7244.58
789504004,Existing Customer,26,M,4,High School,Married,Rs.3L - Rs.5L,Platinum,40,5,1,0,294652,83945,210707,1.639,161156,101,1.359,0.673,56,Not Churn,0.0623,3.12,Low,96.88,241734.0,Low activity,Low transactions,Customer disengagement,Run retention campaign,At-Risk Customer,Low,10040.02
776503061,Existing Customer,40,F,3,Graduate,Married,Rs.3L - Rs.5L,Platinum,38,4,2,3,442587,198104,244483,1.598,24329,53,2.369,0.206,34,Not Churn,0.2885,24.42,Low,75.58,36493.5,Low activity,Low transactions,Customer disengagement,Run retention campaign,At-Risk Customer,Low,7018.92
786627554,Attrited Customer,30,F,4,Graduate,Married,Rs.3L - Rs.5L,Gold,20,3,6,4,373050,139881,233169,1.263,16462,17,0.946,0.11,27,Not Churn,0.3279,56.39,Medium,43.61,24693.0,Low activity,Low transactions,Customer disengagement,Run retention campaign,At-Risk Customer,Medium,5397.89
729676294,Existing Customer,56,F,1,Graduate,Married,Rs.3L - Rs.5L,Gold,42,4,0,0,280280,46432,233848,0.621,197002,72,2.109,0.422,54,Not Churn,0.1672,8.36,Low,91.64,295503.0,Low activity,Low transactions,Customer disengagement,Run retention campaign,At-Risk Customer,Low,32938.73
771183499,Existing Customer,59,F,3,Graduate,Married,Rs.3L - Rs.5L,Gold,59,3,2,1,394923,29682,365241,1.969,38357,32,1.415,0.463,51,Not Churn,0.2066,30.33,Low,69.67,57535.5,Low activity,Low transactions,Customer disengagement,Run retention campaign,At-Risk Customer,Low,7924.56
783756874,Attrited Customer,25,F,1,High School,Single,Rs.20L+,Gold,58,1,4,5,111675,13046,98629,1.561,13860,17,1.554,0.06,40,Not Churn,0.3607,58.03,Medium,41.97,20790.0,Low activity,Low transactions,Customer disengagement,Run retention campaign,At-Risk Customer,Medium,4999.3
719934517,Existing Customer,65,F,3,High School,Single,Rs.3L - Rs.5L,Gold,39,4,3,3,426056,74327,351729,1.021,36296,38,2.103,0.25,80,Not Churn,0.3213,36.06,Low,63.94,54444.0,Low activity,Low transactions,Customer disengagement,Run retention campaign,At-Risk Customer,Low,11661.9
716664644,Existing Customer,31,M,1,Graduate,Married,Rs.3L - Rs.5L,Platinum,26,5,1,0,126457,3072,123385,0.882,118773,81,1.52,0.789,54,Not Churn,0.1607,8.04,Low,91.96000000000001,178159.5,Low activity,Low transactions,Customer disengagement,Run retention campaign,At-Risk Customer,Low,19086.82
799075856,Attrited Customer,58,M,4,Post-Graduate,Single,Rs.3L - Rs.5L,Platinum,20,4,4,5,393821,151997,241824,2.207,11299,17,1.1,0.011,34,Not Churn,0.3574,57.87,Medium,42.13,16948.5,Low activity,Low transactions,Customer disengagement,Run retention campaign,At-Risk Customer,Medium,4038.26
799387783,Existing Customer,53,M,3,High School,Single,Rs.3L - Rs.5L,Gold,26,4,1,0,107342,27868,79474,2.006,141688,68,1.673,0.404,80,Not Churn,0.1279,6.4,Low,93.6,212532.0,Low activity,Low transactions,Customer disengagement,Run retention campaign,At-Risk Customer,Low,18121.9
722886358,Existing Customer,28,F,0,Post-Graduate,Single,Rs.20L+,Blue,22,1,3,2,291665,83684,207981,0.529,37289,36,1.839,0.352,37,Not Churn,0.3902,39.51,Low,60.49,55933.5,Low activity,Low transactions,Customer disengagement,Run retention campaign,At-Risk Customer,Low,14550.17
784673426,Existing Customer,44,F,3,Graduate,Married,Rs.20L+,Blue,15,1,3,1,288666,143848,144818,2.216,37446,49,0.781,0.41,52,Not Churn,0.282,34.1,Low,65.9,56169.0,Low activity,Low transactions,Customer disengagement,Run retention campaign,At-Risk Customer,Low,10559.77
770256558,Existing Customer,64,F,4,Post-Graduate,Single,Rs.3L - Rs.5L,Gold,24,3,3,3,196394,14793,181601,1.83,75728,59,1.879,0.311,15,Not Churn,0.2951,24.75,Low,75.25,113592.0,Low activity,Low transactions,Customer disengagement,Run retention campaign,At-Risk Customer,Low,22347.33
798094533,Attrited Customer,56,M,2,High School,Single,Rs.3L - Rs.5L,Blue,30,2,5,3,263875,60026,203849,1.713,11656,19,1.932,0.161,13,Not Churn,0.377,58.85,Medium,41.15,17484.0,Low activity,Low transactions,Customer disengagement,Run retention campaign,At-Risk Customer,Medium,4394.31
750844631,Existing Customer,28,F,1,Post-Graduate,Single,Rs.3L - Rs.5L,Platinum,51,2,2,3,218077,41348,176729,0.724,20734,42,0.857,0.403,61,Not Churn,0.3574,37.87,Low,62.13,31101.0,Low activity,Low transactions,Customer disengagement,Run retention campaign,At-Risk Customer,Low,7410.33
713882298,Attrited Customer,38,M,2,Post-Graduate,Single,Rs.3L - Rs.5L,Gold,38,5,6,3,230508,107514,122994,0.946,6275,16,0.886,0.172,60,Not Churn,0.4459,62.3,Medium,37.7,9412.5,Low activity,Low transactions,Customer disengagement,Run retention campaign,At-Risk Customer,Medium,2798.02
738848531,Attrited Customer,33,F,3,Graduate,Single,Rs.5L - Rs.10L,Gold,39,3,6,3,322883,74607,248276,1.409,5041,19,1.958,0.091,54,Not Churn,0.2689,53.45,Medium,46.55,7561.5,Low activity,Low transactions,Customer disengagement,Run retention campaign,At-Risk Customer,Medium,1355.52
725483398,Attrited Customer,36,M,2,Graduate,Married,Rs.20L+,Gold,26,2,5,3,363650,152223,211427,1.688,9098,19,0.841,0.165,29,Not Churn,0.4557,62.78,Medium,37.22,13647.0,Low activity,Low transactions,Customer disengagement,Run retention campaign,At-Risk Customer,Medium,4145.96
744205146,Attrited Customer,68,M,0,Graduate,Married,Rs.10L - Rs.20L,Blue,35,4,6,4,235337,14054,221283,1.731,22069,18,2.174,0.078,13,Not Churn,0.2197,50.98,Medium,49.02,33103.5,Low activity,Low transactions,Customer disengagement,Run retention campaign,At-Risk Customer,Medium,4848.56
733159969,Attrited Customer,42,F,4,Post-Graduate,Married,Rs.20L+,Platinum,19,4,4,5,243015,7087,235928,1.917,29104,23,1.338,0.033,15,Not Churn,0.2885,44.42,Medium,55.58,43656.0,Low activity,Low transactions,Customer disengagement,Run retention campaign,At-Risk Customer,Medium,8396.5
736257090,Existing Customer,25,M,0,Post-Graduate,Married,Rs.3L - Rs.5L,Gold,35,3,2,2,98134,9196,88938,1.929,52617,23,2.353,0.222,94,Not Churn,0.223,31.15,Low,68.85,78925.5,Low activity,Low transactions,Customer disengagement,Run retention campaign,At-Risk Customer,Low,11733.59
775157530,Existing Customer,38,F,3,Post-Graduate,Married,Rs.10L - Rs.20L,Gold,29,2,2,3,302726,108384,194342,1.932,49300,43,2.283,0.367,14,Not Churn,0.2328,31.64,Low,68.36,73950.0,Low activity,Low transactions,Customer disengagement,Run retention campaign,At-Risk Customer,Low,11477.04
796570381,Attrited Customer,36,F,0,Post-Graduate,Single,Rs.20L+,Platinum,37,4,5,3,308155,37421,270734,1.398,14194,9,2.413,0.015,73,Not Churn,0.2525,52.62,Medium,47.38,21291.0,Low activity,Low transactions,Customer disengagement,Run retention campaign,At-Risk Customer,Medium,3583.99
783555389,Existing Customer,35,M,4,High School,Married,Rs.20L+,Gold,56,2,2,1,119581,19755,99826,0.641,27790,46,1.643,0.351,11,Not Churn,0.2426,32.13,Low,67.87,41685.0,Low activity,Low transactions,Customer disengagement,Run retention campaign,At-Risk Customer,Low,6741.85
721277211,Attrited Customer,67,F,2,Post-Graduate,Married,Rs.3L - Rs.5L,Gold,57,5,4,4,353351,72013,281338,1.678,17859,17,1.597,0.047,62,Not Churn,0.2656,53.28,Medium,46.72,26788.5,Low activity,Low transactions,Customer disengagement,Run retention campaign,At-Risk Customer,Medium,4743.35
712946257,Attrited Customer,37,M,0,Post-Graduate,Married,Rs.20L+,Blue,50,5,4,4,174666,1181,173485,1.633,11870,17,1.283,0.019,38,Not Churn,0.3082,55.41,Medium,44.59,17805.0,Low activity,Low transactions,Customer disengagement,Run retention campaign,At-Risk Customer,Medium,3658.33
732004308,Attrited Customer,28,M,1,Post-Graduate,Married,Rs.5L - Rs.10L,Platinum,12,3,5,5,194841,9264,185577,0.7,6989,22,0.614,0.115,42,Not Churn,0.3672,48.36,Medium,51.64,10483.5,Low activity,Low transactions,Customer disengagement,Run retention campaign,At-Risk Customer,Medium,2566.36
793804042,Existing Customer,31,F,0,Graduate,Married,Rs.10L - Rs.20L,Blue,22,4,3,2,457539,63689,393850,1.673,58895,56,0.851,0.265,76,Not Churn,0.2328,21.64,Low,78.36,88342.5,Low activity,Low transactions,Customer disengagement,Run retention campaign,At-Risk Customer,Low,13710.76
797886434,Existing Customer,58,F,1,Graduate,Single,Rs.10L - Rs.20L,Blue,21,2,3,3,253614,14384,239230,0.761,53306,36,1.226,0.424,48,Not Churn,0.3869,39.34,Low,60.66,79959.0,Low activity,Low transactions,Customer disengagement,Run retention campaign,At-Risk Customer,Low,20624.09
715817994,Existing Customer,50,F,2,High School,Married,Rs.20L+,Blue,48,4,2,2,474579,65095,409484,1.189,48359,48,0.684,0.423,58,Not Churn,0.2262,31.31,Low,68.69,72538.5,Low activity,Low transactions,Customer disengagement,Run retention campaign,At-Risk Customer,Low,10938.81
798005700,Existing Customer,47,M,3,High School,Single,Rs.20L+,Blue,36,3,2,1,210282,80867,129415,1.609,70161,40,0.581,0.382,18,Not Churn,0.3049,35.25,Low,64.75,105241.5,Low activity,Low transactions,Customer disengagement,Run retention campaign,At-Risk Customer,Low,21392.09
762321229,Existing Customer,51,F,2,High School,Single,Rs.10L - Rs.20L,Blue,53,2,0,1,211823,39060,172763,1.448,138133,78,1.947,0.466,91,Not Churn,0.1148,5.74,Low,94.26,207199.5,Low activity,Low transactions,Customer disengagement,Run retention campaign,At-Risk Customer,Low,15857.67
760090998,Existing Customer,69,F,4,Post-Graduate,Single,Rs.20L+,Blue,44,1,3,1,154326,71709,82617,0.939,48790,36,1.58,0.448,86,Not Churn,0.3836,39.18,Low,60.82,73185.0,Low activity,Low transactions,Customer disengagement,Run retention campaign,At-Risk Customer,Low,18715.84
790847307,Existing Customer,29,M,1,Graduate,Single,Rs.20L+,Blue,27,2,0,1,126090,60728,65362,1.791,90102,107,0.87,0.417,81,Not Churn,0.0885,4.42,Low,95.58,135153.0,Low activity,Low transactions,Customer disengagement,Run retention campaign,At-Risk Customer,Low,7974.03
794579488,Existing Customer,32,F,4,Post-Graduate,Married,Rs.3L - Rs.5L,Gold,34,3,3,1,62247,3409,58838,0.961,48561,25,1.481,0.304,43,Not Churn,0.3082,35.41,Low,64.59,72841.5,Low activity,Low transactions,Customer disengagement,Run retention campaign,At-Risk Customer,Low,14966.5
703037907,Attrited Customer,52,F,4,Graduate,Single,Rs.3L - Rs.5L,Blue,21,5,5,3,52295,21963,30332,1.756,15256,21,1.727,0.106,90,Not Churn,0.282,44.1,Medium,55.9,22884.0,Low activity,Low transactions,Customer disengagement,Run retention campaign,At-Risk Customer,Medium,4302.19
750705933,Existing Customer,37,F,1,High School,Single,Rs.20L+,Platinum,50,5,3,3,202083,99565,102518,1.333,31312,51,1.691,0.346,47,Not Churn,0.2525,22.62,Low,77.38,46968.0,Low activity,Low transactions,Customer disengagement,Run retention campaign,At-Risk Customer,Low,7906.28
770846342,Existing Customer,35,M,3,Graduate,Single,Rs.3L - Rs.5L,Blue,35,5,1,1,445653,30165,415488,0.529,167084,101,1.716,0.733,47,Not Churn,0.1016,5.08,Low,94.92,250626.0,Low activity,Low transactions,Customer disengagement,Run retention campaign,At-Risk Customer,Low,16975.73
790743489,Existing Customer,55,M,0,Graduate,Single,Rs.10L - Rs.20L,Blue,53,3,2,3,51864,12513,39351,0.87,51435,31,1.384,0.248,42,Not Churn,0.2918,34.59,Low,65.41,77152.5,Low activity,Low transactions,Customer disengagement,Run retention campaign,At-Risk Customer,Low,15008.73
782576462,Existing Customer,68,F,4,Graduate,Single,Rs.10L - Rs.20L,Gold,34,3,3,3,372672,9146,363526,2.157,45582,46,2.336,0.277,50,Not Churn,0.2295,31.48,Low,68.52,68373.0,Low activity,Low transactions,Customer disengagement,Run retention campaign,At-Risk Customer,Low,10461.07
713726785,Existing Customer,52,M,3,High School,Married,Rs.10L - Rs.20L,Platinum,27,5,3,3,327895,78190,249705,0.632,76312,55,1.221,0.316,90,Not Churn,0.2689,23.45,Low,76.55,114468.0,Low activity,Low transactions,Customer disengagement,Run retention campaign,At-Risk Customer,Low,20520.3
790441320,Attrited Customer,49,M,0,Graduate,Single,Rs.10L - Rs.20L,Blue,38,5,4,3,141141,55035,86106,1.681,7686,22,1.908,0.078,33,Not Churn,0.4,50.0,Medium,50.0,11529.0,Low activity,Low transactions,Customer disengagement,Run retention campaign,At-Risk Customer,Medium,3074.4
724603122,Existing Customer,33,M,0,Post-Graduate,Married,Rs.10L - Rs.20L,Gold,55,2,3,2,66097,19922,46175,1.762,22904,24,1.751,0.26,93,Not Churn,0.2459,32.3,Low,67.7,34356.0,Low activity,Low transactions,Customer disengagement,Run retention campaign,At-Risk Customer,Low,5632.09
786679907,Attrited Customer,47,F,4,Graduate,Single,Rs.3L - Rs.5L,Gold,24,4,4,5,403185,8229,394956,2.093,10410,16,1.886,0.137,40,Not Churn,0.3574,57.87,Medium,42.13,15615.0,Low activity,Low transactions,Customer disengagement,Run retention campaign,At-Risk Customer,Medium,3720.53
784412959,Attrited Customer,56,F,2,Post-Graduate,Married,Rs.10L - Rs.20L,Platinum,31,3,4,5,272441,112099,160342,0.651,29919,15,2.323,0.124,27,Not Churn,0.3148,55.74,Medium,44.26,44878.5,Low activity,Low transactions,Customer disengagement,Run retention campaign,At-Risk Customer,Medium,9418.5
765040878,Attrited Customer,37,M,0,Post-Graduate,Married,Rs.20L+,Gold,35,3,5,4,397566,144872,252694,2.348,21923,11,1.828,0.196,41,Not Churn,0.2623,53.11,Medium,46.89,32884.5,Low activity,Low transactions,Customer disengagement,Run retention campaign,At-Risk Customer,Medium,5750.4
748068297,Existing Customer,38,F,0,Graduate,Married,Rs.3L - Rs.5L,Platinum,31,1,2,2,279090,118553,160537,1.46,76211,28,2.475,0.205,95,Not Churn,0.2721,33.61,Low,66.39,114316.5,Low activity,Low transactions,Customer disengagement,Run retention campaign,At-Risk Customer,Low,20737.01
702590156,Existing Customer,39,M,3,High School,Single,Rs.20L+,Platinum,20,4,2,3,103279,46354,56925,1.555,63412,27,0.686,0.458,66,Not Churn,0.2689,33.45,Low,66.55,95118.0,Low activity,Low transactions,Customer disengagement,Run retention campaign,At-Risk Customer,Low,17051.49
758613559,Existing Customer,25,M,1,High School,Single,Rs.10L - Rs.20L,Platinum,40,3,2,3,464368,48247,416121,1.516,70656,57,1.937,0.34,39,Not Churn,0.2787,23.94,Low,76.06,105984.0,Low activity,Low transactions,Customer disengagement,Run retention campaign,At-Risk Customer,Low,19691.83
798171522,Attrited Customer,32,F,3,Graduate,Single,Rs.5L - Rs.10L,Platinum,14,5,4,5,256896,33518,223378,0.508,20165,18,1.818,0.181,13,Not Churn,0.3016,55.08,Medium,44.92,30247.5,Low activity,Low transactions,Customer disengagement,Run retention campaign,At-Risk Customer,Medium,6081.76
711396810,Attrited Customer,64,M,2,High School,Single,Rs.5L - Rs.10L,Platinum,18,2,4,5,183176,77943,105233,1.023,8424,16,0.533,0.083,76,Churn,0.623,71.15,High,28.849999999999994,12636.0,Low activity,Low transactions,Customer disengagement,Run retention campaign,At-Risk Customer,High,5248.15
